--
-- PostgreSQL database dump
--

-- Dumped from database version 10.6 (Debian 10.6-1.pgdg90+1)
-- Dumped by pg_dump version 10.6 (Debian 10.6-1.pgdg90+1)

SET statement_timeout = 0;
SET lock_timeout = 0;
SET idle_in_transaction_session_timeout = 0;
SET client_encoding = 'UTF8';
SET standard_conforming_strings = on;
SELECT pg_catalog.set_config('search_path', '', false);
SET check_function_bodies = false;
SET client_min_messages = warning;
SET row_security = off;

--
-- Data for Name: media_markets; Type: TABLE DATA; Schema: public; Owner: -
--

COPY public.media_markets (id, market_name) FROM stdin;
1	Maine
2	New York metropolitan region
\.


--
-- Data for Name: publishers; Type: TABLE DATA; Schema: public; Owner: -
--

COPY public.publishers (id, publisher, market_id) FROM stdin;
2	MaineToday Media	1
3	New York Daily News	2
4	New York Post	2
5	New York Times	2
\.


--
-- Data for Name: feeds; Type: TABLE DATA; Schema: public; Owner: -
--

COPY public.feeds (id, publisher_id, description, url, xml_headline_tag, xml_subhed_tag, xml_article_tag, xml_permalink_tag, scraper_article_tag) FROM stdin;
1	2	Portland Press Herald news category	https://www.pressherald.com/mailchimp-feed/	title	summary	description	\N	\N
2	3	New York Daily News Local section	http://www.nydailynews.com/cmlink/NYDN.Local.rss	title	description	\N	link	article>p
3	4	NY Post Metro section	https://nypost.com/metro/feed/	title	description	\N	link	div.entry-content>p
5	5	NYT Article Search API	http://developer.nytimes.com/article_search_v2.json	\N	\N	\N	\N	\N
\.


--
-- Data for Name: articles; Type: TABLE DATA; Schema: public; Owner: -
--

COPY public.articles (id, feed_id, headline, date, summary, byline, wordcount, page_number, url) FROM stdin;
\.


--
-- Data for Name: keywords; Type: TABLE DATA; Schema: public; Owner: -
--

COPY public.keywords (article_id, tag, keyword) FROM stdin;
\.


--
-- Data for Name: place_aliases; Type: TABLE DATA; Schema: public; Owner: -
--

COPY public.place_aliases (place_id, place_name, not_followed_by, not_preceded_by) FROM stdin;
1	The Bronx	NULL	NULL
2	Androscoggin County	NULL	NULL
3	Aroostook County	NULL	NULL
4	Franklin County	NULL	NULL
5	Hancock County	NULL	NULL
6	Kennebec County	NULL	NULL
7	Knox County	NULL	NULL
8	Lincoln County	NULL	NULL
9	Oxford County	NULL	NULL
10	Penobscot County	NULL	NULL
11	Piscataquis County	NULL	NULL
12	Sagadahoc County	NULL	NULL
13	Somerset County	NULL	NULL
14	Waldo County	NULL	NULL
15	Washington County	NULL	NULL
16	York County	NULL	NULL
17	Cumberland County	NULL	NULL
18	Auburn	NULL	NULL
19	Durham	NULL	NULL
20	Greene	NULL	NULL
21	Leeds	NULL	NULL
22	Lewiston	NULL	NULL
23	Lisbon	NULL	NULL
24	Livermore	NULL	NULL
25	Livermore Falls	NULL	NULL
26	Mechanic Falls	NULL	NULL
27	Minot	NULL	NULL
28	Poland	NULL	NULL
29	Sabattus	NULL	NULL
30	Turner	NULL	NULL
31	Wales	NULL	NULL
32	Allagash	NULL	NULL
33	Amity	NULL	NULL
34	Ashland	NULL	NULL
35	Bancroft	NULL	NULL
36	Blaine	NULL	NULL
37	Bridgewater	NULL	NULL
38	Caribou	NULL	NULL
39	Cary Plantation	NULL	NULL
40	Castle Hill	NULL	NULL
41	Caswell	NULL	NULL
42	Chapman	NULL	NULL
43	Connor	NULL	NULL
44	Crystal	NULL	NULL
45	Cyr Plantation	NULL	NULL
46	Dyer Brook	NULL	NULL
47	Eagle Lake	NULL	NULL
48	Easton	NULL	NULL
49	Fort Fairfield	NULL	NULL
50	Fort Kent	NULL	NULL
51	Frenchville	NULL	NULL
52	Garfield Plantation	NULL	NULL
53	Glenwood Plantation	NULL	NULL
54	Grand Isle	NULL	NULL
55	Hamlin	NULL	NULL
56	Hammond	NULL	NULL
57	Haynesville	NULL	NULL
58	Hersey	NULL	NULL
59	Hodgdon	NULL	NULL
60	Houlton	NULL	NULL
61	Island Falls	NULL	NULL
62	Limestone	NULL	NULL
63	Linneus	NULL	NULL
64	Littleton	NULL	NULL
65	Ludlow	NULL	NULL
66	Macwahoc Plantation	NULL	NULL
67	Madawaska	NULL	NULL
68	Mapleton	NULL	NULL
69	Mars Hill	NULL	NULL
70	Masardis	NULL	NULL
71	Merrill	NULL	NULL
72	Monticello	NULL	NULL
73	Moro Plantation	NULL	NULL
74	Nashville Plantation	NULL	NULL
75	New Canada	NULL	NULL
76	New Limerick	NULL	NULL
77	New Sweden	NULL	NULL
78	Oakfield	NULL	NULL
79	Orient	NULL	NULL
80	Oxbow Plantation	NULL	NULL
81	Perham	NULL	NULL
82	Portage Lake	NULL	NULL
83	Presque Isle	NULL	NULL
84	Reed Plantation	NULL	NULL
85	St. Agatha	NULL	NULL
86	St. Francis	NULL	NULL
87	St. John Plantation	NULL	NULL
88	Sherman	NULL	NULL
89	Smyrna	NULL	NULL
90	Square Lake	NULL	NULL
91	Stockholm	NULL	NULL
92	Van Buren	NULL	NULL
93	Wade	NULL	NULL
94	Wallagrass	NULL	NULL
95	Washburn	NULL	NULL
96	Westfield	NULL	NULL
97	Westmanland	NULL	NULL
98	Weston	NULL	NULL
99	Winterville Plantation	NULL	NULL
100	Woodland	NULL	NULL
101	Baldwin	NULL	NULL
102	Bridgton	NULL	NULL
103	Brunswick	NULL	New
104	Cape Elizabeth	NULL	NULL
105	Casco	Bay	NULL
106	Chebeague Island	NULL	NULL
107	Cumberland	NULL	NULL
108	Falmouth	NULL	NULL
109	Freeport	NULL	NULL
110	Frye Island	NULL	NULL
111	Gorham	NULL	NULL
112	Gray	NULL	NULL
113	Harpswell	NULL	NULL
114	Harrison	NULL	NULL
115	Long Island	NULL	NULL
116	Naples	NULL	NULL
117	New Gloucester	NULL	NULL
118	North Yarmouth	NULL	NULL
119	Portland	Press Herald	NULL
120	Pownal	NULL	NULL
121	Raymond	NULL	NULL
122	Scarborough	NULL	NULL
123	Sebago	NULL	NULL
124	South Portland	NULL	NULL
125	Standish	NULL	NULL
126	Westbrook	NULL	NULL
127	Windham	NULL	NULL
128	Yarmouth	NULL	NULL
129	Avon	NULL	NULL
130	Carrabassett Valley	NULL	NULL
131	Carthage	NULL	NULL
132	Chesterville	NULL	NULL
133	Coplin Plantation	NULL	NULL
134	Dallas Plantation	NULL	NULL
135	East Central Franklin	NULL	NULL
136	Eustis	NULL	NULL
137	Farmington	NULL	NULL
138	Industry	NULL	NULL
139	Jay	NULL	NULL
140	Kingfield	NULL	NULL
141	New Sharon	NULL	NULL
142	New Vineyard	NULL	NULL
143	Phillips	NULL	NULL
144	Rangeley	NULL	NULL
145	Rangeley Plantation	NULL	NULL
146	Sandy River Plantation	NULL	NULL
147	South Franklin	NULL	NULL
148	Strong	NULL	NULL
149	Temple	NULL	NULL
150	Weld	NULL	NULL
151	Wilton	NULL	NULL
152	Wyman	NULL	NULL
153	Amherst	College	University of Massachusetts at
154	Aurora	NULL	NULL
155	Bar Harbor	NULL	NULL
156	Blue Hill	NULL	NULL
157	Brooklin	NULL	NULL
158	Brooksville	NULL	NULL
159	Bucksport	NULL	NULL
160	Castine	NULL	NULL
161	Central Hancock	NULL	NULL
162	Cranberry Isles	NULL	NULL
163	Dedham	NULL	NULL
164	Deer Isle	NULL	NULL
165	Eastbrook	NULL	NULL
166	East Hancock	NULL	NULL
167	Ellsworth	NULL	NULL
168	Franklin	NULL	NULL
169	Frenchboro	NULL	NULL
170	Gouldsboro	NULL	NULL
171	Great Pond	NULL	NULL
172	Hancock	NULL	NULL
173	Lamoine	NULL	NULL
174	Mariaville	NULL	NULL
175	Marshall Island	NULL	NULL
176	Mount Desert	NULL	NULL
177	Orland	NULL	NULL
178	Osborn	NULL	NULL
179	Otis	NULL	NULL
180	Penobscot	NULL	NULL
181	Sedgwick	NULL	NULL
182	Sorrento	NULL	NULL
183	Southwest Harbor	NULL	NULL
184	Stonington	NULL	NULL
185	Sullivan	NULL	NULL
186	Surry	NULL	NULL
187	Swans Island	NULL	NULL
188	Tremont	NULL	NULL
189	Trenton	NULL	NULL
190	Verona Island	NULL	NULL
191	Waltham	NULL	NULL
192	Winter Harbor	NULL	NULL
193	Albion	NULL	NULL
194	Augusta	NULL	NULL
195	Belgrade	NULL	NULL
196	Benton	NULL	NULL
197	Chelsea	NULL	NULL
198	China	NULL	NULL
199	Clinton	NULL	Hillary, Bill, Chelsea
200	Farmingdale	NULL	NULL
201	Fayette	NULL	NULL
202	Gardiner	NULL	NULL
203	Hallowell	NULL	NULL
204	Litchfield	NULL	NULL
205	Manchester	New Hampshire	NULL
206	Monmouth	NULL	NULL
207	Mount Vernon	NULL	NULL
208	Oakland	NULL	NULL
209	Pittston	NULL	NULL
210	Randolph	NULL	NULL
211	Readfield	NULL	NULL
212	Rome	NULL	NULL
213	Sidney	NULL	NULL
214	Vassalboro	NULL	NULL
215	Vienna	NULL	NULL
216	Waterville	NULL	NULL
217	Wayne	NULL	NULL
218	West Gardiner	NULL	NULL
219	Windsor	NULL	NULL
220	Winslow	NULL	NULL
221	Winthrop	NULL	NULL
222	Appleton	NULL	NULL
223	Camden	NULL	NULL
224	Cushing	NULL	NULL
225	Friendship	NULL	NULL
226	Hope	NULL	NULL
227	Isle au Haut	NULL	NULL
228	Matinicus	NULL	NULL
229	North Haven	NULL	NULL
230	Owls Head	NULL	NULL
231	Rockland	NULL	NULL
232	Rockport	NULL	NULL
233	St. George	NULL	NULL
234	South Thomaston	NULL	NULL
235	Thomaston	NULL	NULL
236	Union	Civil Liberties, labor	NULL
237	Vinalhaven	NULL	NULL
238	Warren	NULL	NULL
239	Alna	NULL	NULL
240	Boothbay	NULL	NULL
241	Boothbay Harbor	NULL	NULL
242	Bremen	NULL	NULL
243	Bristol	NULL	NULL
244	Damariscotta	NULL	NULL
245	Dresden	NULL	NULL
246	Edgecomb	NULL	NULL
247	Jefferson	NULL	NULL
248	Newcastle	NULL	NULL
249	Nobleboro	NULL	NULL
250	Somerville	NULL	NULL
251	South Bristol	NULL	NULL
252	Southport	NULL	NULL
253	Waldoboro	NULL	NULL
254	Westport Island	NULL	NULL
255	Whitefield	NULL	NULL
256	Wiscasset	NULL	NULL
257	Andover	NULL	NULL
258	Bethel	NULL	NULL
259	Brownfield	NULL	NULL
260	Buckfield	NULL	NULL
261	Byron	NULL	NULL
262	Canton	NULL	NULL
263	Denmark	NULL	NULL
264	Dixfield	NULL	NULL
265	Fryeburg	NULL	NULL
266	Gilead	NULL	NULL
267	Greenwood	NULL	NULL
268	Hanover	NULL	NULL
269	Hartford	NULL	NULL
270	Hebron	NULL	NULL
271	Hiram	NULL	NULL
272	Lincoln Plantation	NULL	NULL
273	Lovell	NULL	NULL
274	Magalloway Plantation	NULL	NULL
275	Mexico	NULL	NULL
276	Milton	NULL	NULL
277	Newry	NULL	NULL
278	Norway	NULL	NULL
279	Otisfield	NULL	NULL
280	Oxford	NULL	University, comma
281	Paris	NULL	NULL
282	Peru	NULL	NULL
283	Porter	NULL	NULL
284	Roxbury	NULL	NULL
285	Rumford	NULL	NULL
286	South Oxford	NULL	NULL
287	Stoneham	NULL	NULL
288	Stow	NULL	NULL
289	Sumner	NULL	NULL
290	Sweden	NULL	NULL
291	Upton	NULL	NULL
292	Waterford	NULL	NULL
293	West Paris	NULL	NULL
294	Woodstock	NULL	NULL
295	Alton	NULL	NULL
296	Argyle	NULL	NULL
297	Bangor	NULL	NULL
298	Bradford	NULL	NULL
299	Bradley	NULL	NULL
300	Brewer	NULL	NULL
301	Burlington	NULL	NULL
302	Carmel	NULL	NULL
303	Carroll Plantation	NULL	NULL
304	Charleston	NULL	NULL
305	Chester	NULL	NULL
306	Clifton	NULL	NULL
307	Corinna	NULL	NULL
308	Corinth	NULL	NULL
309	Dexter	NULL	NULL
310	Dixmont	NULL	NULL
311	Drew Plantation	NULL	NULL
312	East Millinocket	NULL	NULL
313	Eddington	NULL	NULL
314	Edinburg	NULL	NULL
315	Enfield	NULL	NULL
316	Etna	NULL	NULL
317	Exeter	NULL	NULL
318	Garland	NULL	NULL
319	Glenburn	NULL	NULL
320	Greenbush	NULL	NULL
321	Hampden	NULL	NULL
322	Hermon	NULL	NULL
323	Holden	NULL	NULL
324	Howland	NULL	NULL
325	Hudson	NULL	NULL
326	Kenduskeag	NULL	NULL
327	Kingman	NULL	NULL
328	Lagrange	NULL	NULL
329	Lakeville	NULL	NULL
330	Lee	NULL	NULL
331	Levant	NULL	NULL
332	Lincoln	NULL	NULL
333	Lowell	NULL	NULL
334	Mattawamkeag	NULL	NULL
335	Maxfield	NULL	NULL
336	Medway	NULL	NULL
337	Milford	NULL	NULL
338	Millinocket	NULL	NULL
339	Mount Chase	NULL	NULL
340	Newburgh	NULL	NULL
341	Newport	NULL	NULL
342	North Penobscot	NULL	NULL
343	Old Town	NULL	NULL
344	Orono	NULL	NULL
345	Orrington	NULL	NULL
346	Passadumkeag	NULL	NULL
347	Patten	NULL	NULL
348	Indian Island	NULL	NULL
349	Plymouth	NULL	NULL
350	Prentiss	NULL	NULL
351	Springfield	NULL	NULL
352	Stacyville	NULL	NULL
353	Stetson	NULL	NULL
354	Twombly Ridge	NULL	NULL
355	Veazie	NULL	NULL
356	Webster Plantation	NULL	NULL
357	Whitney	NULL	NULL
358	Winn	NULL	NULL
359	Woodville	NULL	NULL
360	Abbot	NULL	NULL
361	Atkinson	NULL	NULL
362	Beaver Cove	NULL	NULL
363	Blanchard	NULL	NULL
364	Bowerbank	NULL	NULL
365	Brownville	NULL	NULL
366	Dover-Foxcroft	NULL	NULL
367	Greenville	NULL	NULL
368	Guilford	NULL	NULL
369	Medford	NULL	NULL
370	Milo	NULL	NULL
371	Monson	NULL	NULL
372	Parkman	NULL	NULL
373	Sangerville	NULL	NULL
374	Sebec	NULL	NULL
375	Shirley	NULL	NULL
376	Wellington	NULL	NULL
377	Willimantic	NULL	NULL
378	Arrowsic	NULL	NULL
379	Bath	NULL	NULL
380	Bowdoin	NULL	NULL
381	Bowdoinham	NULL	NULL
382	Georgetown	NULL	NULL
383	Phippsburg	NULL	NULL
384	Richmond	NULL	NULL
385	Topsham	NULL	NULL
386	West Bath	NULL	NULL
387	Woolwich	NULL	NULL
388	Anson	NULL	NULL
389	Athens	NULL	NULL
390	Bingham	NULL	NULL
391	Cambridge	NULL	NULL
392	Canaan	NULL	NULL
393	Caratunk	NULL	NULL
394	Cornville	NULL	NULL
395	Detroit	NULL	NULL
396	Embden	NULL	NULL
397	Fairfield	NULL	NULL
398	Harmony	NULL	NULL
399	Hartland	NULL	NULL
400	Jackman	NULL	NULL
401	Madison	Square,Avenue	NULL
402	Mercer	NULL	NULL
403	Moose River	NULL	NULL
404	Moscow	NULL	NULL
405	New Portland	NULL	NULL
406	Norridgewock	NULL	NULL
407	Palmyra	NULL	NULL
408	Pittsfield	NULL	NULL
409	Ripley	NULL	NULL
410	St. Albans	NULL	NULL
411	Skowhegan	NULL	NULL
412	Smithfield	NULL	NULL
413	Solon	NULL	NULL
414	Starks	NULL	NULL
415	The Forks	NULL	NULL
416	West Forks	NULL	NULL
417	Belfast	NULL	NULL
418	Belmont	NULL	NULL
419	Brooks	NULL	NULL
420	Burnham	NULL	NULL
421	Frankfort	NULL	NULL
422	Freedom	of Access	NULL
423	Islesboro	NULL	NULL
424	Jackson	NULL	NULL
425	Knox	NULL	NULL
426	Liberty	NULL	NULL
427	Lincolnville	NULL	NULL
428	Monroe	NULL	NULL
429	Montville	NULL	NULL
430	Morrill	NULL	NULL
431	Northport	NULL	NULL
432	Palermo	NULL	NULL
433	Prospect	NULL	NULL
434	Searsmont	NULL	NULL
435	Searsport	NULL	NULL
436	Stockton Springs	NULL	NULL
437	Swanville	NULL	NULL
438	Thorndike	NULL	NULL
439	Troy	NULL	NULL
440	Unity	NULL	NULL
441	Waldo	NULL	NULL
442	Winterport	NULL	NULL
443	Addison	NULL	NULL
444	Alexander	NULL	NULL
445	Baileyville	NULL	NULL
446	Baring Plantation	NULL	NULL
447	Beals	NULL	NULL
448	Beddington	NULL	NULL
449	Calais	NULL	NULL
450	Charlotte	NULL	NULL
451	Cherryfield	NULL	NULL
452	Codyville Plantation	NULL	NULL
453	Columbia	NULL	British
454	Columbia Falls	NULL	NULL
455	Cooper	NULL	NULL
456	Crawford	NULL	NULL
457	Cutler	NULL	NULL
458	Danforth	NULL	NULL
459	Deblois	NULL	NULL
460	Dennysville	NULL	NULL
461	East Machias	NULL	NULL
462	Eastport	NULL	NULL
463	Grand Lake Stream Plantation	NULL	NULL
464	Harrington	NULL	NULL
465	Jonesboro	NULL	NULL
466	Jonesport	NULL	NULL
467	Lubec	NULL	NULL
468	Machias	NULL	NULL
469	Machiasport	NULL	NULL
470	Marshfield	NULL	NULL
471	Meddybemps	NULL	NULL
472	Milbridge	NULL	NULL
473	Northfield	NULL	NULL
474	North Washington	NULL	NULL
475	Passamaquoddy Indian Township	NULL	NULL
476	Pleasant Point Reservation	NULL	NULL
477	Pembroke	NULL	NULL
478	Perry	NULL	NULL
479	Princeton	NULL	NULL
480	Robbinston	NULL	NULL
481	Roque Bluffs	NULL	NULL
482	Steuben	NULL	NULL
483	Talmadge	NULL	NULL
484	Topsfield	NULL	NULL
485	Vanceboro	NULL	NULL
486	Waite	NULL	NULL
487	Wesley	NULL	NULL
488	Whiting	NULL	NULL
489	Whitneyville	NULL	NULL
490	Acton	NULL	NULL
491	Alfred	NULL	NULL
492	Arundel	NULL	NULL
493	Berwick	NULL	NULL
494	Biddeford	NULL	NULL
495	Buxton	NULL	NULL
496	Cornish	NULL	NULL
497	Dayton	NULL	NULL
498	Eliot	NULL	NULL
499	Hollis	NULL	NULL
500	Kennebunk	NULL	NULL
501	Kennebunkport	NULL	NULL
502	Kittery	NULL	NULL
503	Lebanon	NULL	NULL
504	Limerick	NULL	NULL
505	Limington	NULL	NULL
506	Lyman	NULL	NULL
507	Newfield	NULL	NULL
508	North Berwick	NULL	NULL
509	Ogunquit	NULL	NULL
510	Old Orchard Beach	NULL	NULL
511	Parsonsfield	NULL	NULL
512	Saco	NULL	NULL
513	Sanford	NULL	NULL
514	Shapleigh	NULL	NULL
515	South Berwick	NULL	NULL
516	Waterboro	NULL	NULL
517	Wells	NULL	NULL
518	York	City	New
520	Brooklyn	Nets	NULL
520	Kings County	NULL	NULL
521	Queens	NULL	NULL
522	Manhattan	NULL	NULL
523	Staten Island	NULL	NULL
524	Claremont	NULL	NULL
524	Bathgate	NULL	NULL
525	Eastchester	NULL	NULL
525	Baychester	NULL	NULL
526	Fordham	NULL	NULL
526	Bedford Park	NULL	NULL
527	Belmont	NULL	NULL
528	Bronxdale	NULL	NULL
529	West Farms	NULL	NULL
529	Bronx River	NULL	NULL
530	Soundview	NULL	NULL
530	Castle Hill	NULL	NULL
531	Pelham Bay	NULL	NULL
531	City Island	NULL	NULL
532	Co-Op City	NULL	NULL
533	Concourse Village	NULL	NULL
533	Grand Concourse	NULL	NULL
534	East Tremont	NULL	NULL
535	Riverdale	NULL	NULL
535	Fieldston	NULL	NULL
536	Highbridge	NULL	NULL
537	Hunts Point	NULL	NULL
538	Van Cortlandt Village	NULL	NULL
539	Spuyten Duyvil	NULL	NULL
539	Kingsbridge	NULL	NULL
540	Kingsbridge Heights	NULL	NULL
541	Allerton	NULL	NULL
541	Pelham Gardens	NULL	NULL
542	Longwood	NULL	NULL
543	Mott Haven	NULL	NULL
543	Port Morris	NULL	NULL
544	Morrisania	NULL	NULL
544	Melrose	NULL	NULL
545	University Heights	NULL	NULL
545	Morris Heights	NULL	NULL
546	Westchester Square	NULL	NULL
546	Morris Park	NULL	NULL
547	Mount Hope	NULL	NULL
548	Norwood	NULL	NULL
549	Williamsbridge	NULL	NULL
549	Olinville	NULL	NULL
550	Parkchester	NULL	NULL
551	Pelham Parkway	NULL	NULL
552	Schuylerville	NULL	NULL
552	Throgs Neck	NULL	NULL
553	Unionport	NULL	NULL
554	Woodlawn	NULL	NULL
554	Wakefield	NULL	NULL
555	Crotona Park East	NULL	NULL
556	Rikers Island	NULL	NULL
557	Brooklyn Heights	NULL	NULL
557	Cobble Hill	NULL	NULL
558	Sheepshead Bay	NULL	NULL
558	Manhattan Beach	NULL	NULL
559	Brighton Beach	NULL	NULL
559	West Brighton	NULL	NULL
560	Coney Island	NULL	NULL
560	Seagate	NULL	NULL
561	Homecrest	NULL	NULL
562	Gravesend	NULL	NULL
563	Bath Beach	NULL	NULL
564	Bensonhurst	NULL	NULL
565	Dyker Heights	NULL	NULL
566	Bay Ridge	NULL	NULL
567	Sunset Park	NULL	NULL
568	Carroll Gardens	NULL	NULL
568	Red Hook	NULL	NULL
569	Bedford-Stuyvesant	NULL	NULL
569	Bedford Stuyvesant	NULL	NULL
570	Park Slope	NULL	NULL
570	Gowanus	NULL	NULL
571	Downtown Brooklyn	NULL	NULL
571	DUMBO	NULL	NULL
572	Windsor Terrace	NULL	NULL
574	Kensington	NULL	NULL
574	Ocean Parkway	NULL	NULL
575	Flatbush	NULL	NULL
576	Midwood	NULL	NULL
577	Madison	Square,Avenue	NULL
578	Marine Park	NULL	NULL
578	Bergen Beach	NULL	NULL
579	Canarsie	NULL	NULL
580	Flatlands	NULL	NULL
581	Prospect Lefferts Gardens	NULL	NULL
581	Wingate	NULL	NULL
582	Crown Heights	NULL	NULL
583	Prospect Heights	NULL	NULL
584	Fort Greene	NULL	NULL
585	Clinton Hill	NULL	NULL
586	Williamsburg	NULL	NULL
587	Greenpoint	NULL	NULL
588	Bushwick	NULL	NULL
589	Ocean Hill	NULL	NULL
590	Brownsville	NULL	NULL
591	East New York	NULL	NULL
592	Borough Park	NULL	NULL
593	East Williamsburg	NULL	NULL
594	East Flatbush	NULL	NULL
594	Farragut	NULL	NULL
595	Starrett City	NULL	NULL
596	Erasmus	NULL	NULL
597	Rugby	player, team	NULL
597	Remsen Village	NULL	NULL
598	Marble Hill	NULL	NULL
598	Inwood	NULL	NULL
599	Harlem	NULL	NULL
599	Polo Grounds	NULL	NULL
600	Hamilton Heights	NULL	NULL
601	Manhattanville	NULL	NULL
602	Morningside Heights	NULL	NULL
603	Upper West Side	NULL	NULL
603	Lincoln Center	NULL	NULL
604	Chelsea	NULL	NULL
604	Union Square	NULL	NULL
605	Hell's Kitchen	NULL	NULL
605	Clinton	NULL	NULL
606	Midtown	NULL	NULL
607	Turtle Bay	NULL	NULL
607	East Midtown	NULL	NULL
608	Murray Hill	NULL	NULL
608	Kips Bay	NULL	NULL
609	Gramercy	NULL	NULL
610	East Village	NULL	NULL
611	West Village	NULL	NULL
612	Tribeca	NULL	NULL
612	Little Italy	NULL	NULL
613	Battery Park City	NULL	NULL
613	Lower Manhattan	NULL	NULL
614	Chinatown	NULL	NULL
615	Lower East Side	NULL	NULL
616	Roosevelt Island	NULL	NULL
616	Lenox Hill	NULL	NULL
617	Yorkville	NULL	NULL
618	Washington Heights	NULL	NULL
619	Upper East Side	NULL	NULL
619	Carnegie Hill	NULL	NULL
620	Stuyvesant Town	NULL	NULL
620	Cooper Village	NULL	NULL
621	Jamaica	NULL	NULL
622	Springfield Gardens	NULL	NULL
622	Brookville	NULL	NULL
623	Rosedale	NULL	NULL
624	Jamaica Estates	NULL	NULL
624	Holliswood	NULL	NULL
625	Hollis	NULL	NULL
626	St. Albans	NULL	NULL
627	Rockaway Park	NULL	NULL
627	Breezy Point	NULL	NULL
628	Hammels	NULL	NULL
628	Edgemere	NULL	NULL
629	Far Rockaway	NULL	NULL
629	Bayswater	NULL	NULL
630	Forest Hills	NULL	NULL
631	Rego Park	NULL	NULL
632	Glendale	NULL	NULL
633	Ridgewood	NULL	NULL
634	Middle Village	NULL	NULL
635	Flushing	NULL	NULL
636	College Point	NULL	NULL
637	Corona	NULL	NULL
638	East Elmhurst	NULL	NULL
639	Jackson Heights	NULL	NULL
640	Elmhurst	NULL	NULL
640	Maspeth	NULL	NULL
641	Hunters Point	NULL	NULL
641	Sunnyside	NULL	NULL
642	Cambria Heights	NULL	NULL
643	Queens Village	NULL	NULL
644	Briarwood	NULL	NULL
644	Jamaica Hills	NULL	NULL
645	Kew Gardens	NULL	NULL
646	Flushing Heights	NULL	NULL
646	Hillcrest	NULL	NULL
647	Fresh Meadows	NULL	NULL
647	Utopia	NULL	NULL
648	Oakland Gardens	NULL	NULL
649	Bellerose	NULL	NULL
650	Glen Oaks	NULL	NULL
650	Floral Park	NULL	NULL
651	Douglas Manor	NULL	NULL
651	Little Neck	NULL	NULL
652	Bayside	NULL	NULL
652	Bayside Hills	NULL	NULL
653	Fort Totten	NULL	NULL
653	Bay Terrace	NULL	NULL
654	Auburndale	NULL	NULL
655	Whitestone	NULL	NULL
656	Murray Hill	NULL	NULL
657	Woodhaven	NULL	NULL
658	Richmond Hill	NULL	NULL
659	Ozone Park	NULL	NULL
660	Lindenwood	NULL	NULL
660	Howard Beach	NULL	NULL
661	Queensboro Hill	Bridge	NULL
662	Woodside	NULL	NULL
663	Laurelton	NULL	NULL
664	Long Island City	NULL	NULL
664	Queensbridge	NULL	NULL
665	Astoria	NULL	NULL
666	Steinway	NULL	NULL
667	Baisley Park	NULL	NULL
668	Annadale	NULL	NULL
668	Eltingville	NULL	NULL
669	New Springville	NULL	NULL
669	Bloomfield	NULL	NULL
670	Westerleigh	NULL	NULL
671	Clifton	NULL	NULL
672	Charleston	NULL	NULL
672	Tottenville	NULL	NULL
673	Mariner's Harbor	NULL	NULL
673	Graniteville	NULL	NULL
674	Arrochar	NULL	NULL
674	Fort Wadsworth	NULL	NULL
675	New Brighton	NULL	NULL
675	Saint George	NULL	NULL
676	Todt Hill	NULL	NULL
676	Heartland Village	NULL	NULL
677	Oakwood	NULL	NULL
677	Oakwood Beach	NULL	NULL
678	Port Richmond	NULL	NULL
679	Rossville	NULL	NULL
679	Woodrow	NULL	NULL
680	Silver Lake	NULL	NULL
681	South Beach	NULL	NULL
681	Dongan Hills	NULL	NULL
682	Rosebank	NULL	NULL
682	Stapleton	NULL	NULL
683	New Dorp	NULL	NULL
683	Midland Beach	NULL	NULL
684	Arden Heights	NULL	NULL
685	Great Kills	NULL	NULL
\.


--
-- Data for Name: places; Type: TABLE DATA; Schema: public; Owner: -
--

COPY public.places (id, market_id) FROM stdin;
1	2
2	1
3	1
4	1
5	1
6	1
7	1
8	1
9	1
10	1
11	1
12	1
13	1
14	1
15	1
16	1
17	1
18	1
19	1
20	1
21	1
22	1
23	1
24	1
25	1
26	1
27	1
28	1
29	1
30	1
31	1
32	1
33	1
34	1
35	1
36	1
37	1
38	1
39	1
40	1
41	1
42	1
43	1
44	1
45	1
46	1
47	1
48	1
49	1
50	1
51	1
52	1
53	1
54	1
55	1
56	1
57	1
58	1
59	1
60	1
61	1
62	1
63	1
64	1
65	1
66	1
67	1
68	1
69	1
70	1
71	1
72	1
73	1
74	1
75	1
76	1
77	1
78	1
79	1
80	1
81	1
82	1
83	1
84	1
85	1
86	1
87	1
88	1
89	1
90	1
91	1
92	1
93	1
94	1
95	1
96	1
97	1
98	1
99	1
100	1
101	1
102	1
103	1
104	1
105	1
106	1
107	1
108	1
109	1
110	1
111	1
112	1
113	1
114	1
115	1
116	1
117	1
118	1
119	1
120	1
121	1
122	1
123	1
124	1
125	1
126	1
127	1
128	1
129	1
130	1
131	1
132	1
133	1
134	1
135	1
136	1
137	1
138	1
139	1
140	1
141	1
142	1
143	1
144	1
145	1
146	1
147	1
148	1
149	1
150	1
151	1
152	1
153	1
154	1
155	1
156	1
157	1
158	1
159	1
160	1
161	1
162	1
163	1
164	1
165	1
166	1
167	1
168	1
169	1
170	1
171	1
172	1
173	1
174	1
175	1
176	1
177	1
178	1
179	1
180	1
181	1
182	1
183	1
184	1
185	1
186	1
187	1
188	1
189	1
190	1
191	1
192	1
193	1
194	1
195	1
196	1
197	1
198	1
199	1
200	1
201	1
202	1
203	1
204	1
205	1
206	1
207	1
208	1
209	1
210	1
211	1
212	1
213	1
214	1
215	1
216	1
217	1
218	1
219	1
220	1
221	1
222	1
223	1
224	1
225	1
226	1
227	1
228	1
229	1
230	1
231	1
232	1
233	1
234	1
235	1
236	1
237	1
238	1
239	1
240	1
241	1
242	1
243	1
244	1
245	1
246	1
247	1
248	1
249	1
250	1
251	1
252	1
253	1
254	1
255	1
256	1
257	1
258	1
259	1
260	1
261	1
262	1
263	1
264	1
265	1
266	1
267	1
268	1
269	1
270	1
271	1
272	1
273	1
274	1
275	1
276	1
277	1
278	1
279	1
280	1
281	1
282	1
283	1
284	1
285	1
286	1
287	1
288	1
289	1
290	1
291	1
292	1
293	1
294	1
295	1
296	1
297	1
298	1
299	1
300	1
301	1
302	1
303	1
304	1
305	1
306	1
307	1
308	1
309	1
310	1
311	1
312	1
313	1
314	1
315	1
316	1
317	1
318	1
319	1
320	1
321	1
322	1
323	1
324	1
325	1
326	1
327	1
328	1
329	1
330	1
331	1
332	1
333	1
334	1
335	1
336	1
337	1
338	1
339	1
340	1
341	1
342	1
343	1
344	1
345	1
346	1
347	1
348	1
349	1
350	1
351	1
352	1
353	1
354	1
355	1
356	1
357	1
358	1
359	1
360	1
361	1
362	1
363	1
364	1
365	1
366	1
367	1
368	1
369	1
370	1
371	1
372	1
373	1
374	1
375	1
376	1
377	1
378	1
379	1
380	1
381	1
382	1
383	1
384	1
385	1
386	1
387	1
388	1
389	1
390	1
391	1
392	1
393	1
394	1
395	1
396	1
397	1
398	1
399	1
400	1
402	1
403	1
404	1
405	1
406	1
407	1
408	1
409	1
410	1
411	1
412	1
413	1
414	1
415	1
416	1
417	1
418	1
419	1
420	1
421	1
422	1
423	1
424	1
425	1
426	1
427	1
428	1
429	1
430	1
431	1
432	1
433	1
434	1
435	1
436	1
437	1
438	1
439	1
440	1
441	1
442	1
443	1
444	1
445	1
446	1
447	1
448	1
449	1
450	1
451	1
452	1
453	1
454	1
455	1
456	1
457	1
458	1
459	1
460	1
461	1
462	1
463	1
464	1
465	1
466	1
467	1
468	1
469	1
470	1
471	1
472	1
473	1
474	1
475	1
476	1
477	1
478	1
479	1
480	1
481	1
482	1
483	1
484	1
485	1
486	1
487	1
488	1
489	1
490	1
491	1
492	1
493	1
494	1
495	1
496	1
497	1
498	1
499	1
500	1
501	1
502	1
503	1
504	1
505	1
506	1
507	1
508	1
509	1
510	1
511	1
512	1
513	1
514	1
515	1
516	1
517	1
518	1
524	2
525	2
526	2
527	2
528	2
529	2
530	2
531	2
532	2
533	2
534	2
522	2
521	2
523	2
535	2
536	2
537	2
538	2
539	2
540	2
541	2
542	2
543	2
544	2
545	2
546	2
547	2
548	2
549	2
550	2
551	2
552	2
553	2
554	2
555	2
556	2
557	2
558	2
559	2
560	2
561	2
562	2
563	2
564	2
565	2
566	2
567	2
568	2
569	2
570	2
571	2
572	2
574	2
575	2
576	2
578	2
579	2
580	2
581	2
583	2
584	2
585	2
586	2
587	2
588	2
589	2
590	2
591	2
592	2
593	2
594	2
595	2
596	2
598	2
600	2
601	2
602	2
603	2
604	2
605	2
607	2
608	2
609	2
610	2
611	2
612	2
613	2
614	2
615	2
616	2
617	2
618	2
619	2
620	2
621	2
622	2
623	2
624	2
625	2
626	2
627	2
628	2
629	2
630	2
631	2
632	2
633	2
634	2
635	2
636	2
637	2
638	2
639	2
640	2
641	2
642	2
643	2
644	2
645	2
646	2
647	2
648	2
649	2
650	2
651	2
652	2
653	2
654	2
655	2
656	2
657	2
658	2
659	2
660	2
662	2
663	2
664	2
661	2
665	2
666	2
582	2
577	2
667	2
668	2
669	2
670	2
671	2
672	2
673	2
674	2
675	2
676	2
677	2
678	2
679	2
681	2
682	2
683	2
684	2
685	2
597	2
680	2
520	2
606	2
599	2
401	1
\.


--
-- Data for Name: place_demographics; Type: TABLE DATA; Schema: public; Owner: -
--

COPY public.place_demographics (place_id, population, poverty_rate, pct_white) FROM stdin;
599	234586	\N	\N
618	151574	\N	\N
582	142839	\N	\N
564	151705	\N	\N
640	144464	\N	\N
603	132378	\N	\N
569	134217	\N	\N
588	129239	\N	\N
567	126381	\N	\N
665	106607	\N	\N
639	108152	\N	\N
591	121301	\N	\N
575	105804	\N	\N
602	117418	\N	\N
592	106357	\N	\N
659	97254	\N	\N
637	109695	\N	\N
533	101566	\N	\N
635	98990	\N	\N
621	92645	\N	\N
530	89320	\N	\N
579	83693	\N	\N
630	83728	\N	\N
543	91627	\N	\N
526	82677	\N	\N
566	79371	\N	\N
617	77942	\N	\N
616	80771	\N	\N
586	78700	\N	\N
615	72957	\N	\N
581	67459	\N	\N
633	69317	\N	\N
611	66880	\N	\N
570	67649	\N	\N
580	64762	\N	\N
558	64518	\N	\N
619	61207	\N	\N
658	62982	\N	\N
641	63271	\N	\N
645	60757	\N	\N
590	58300	\N	\N
597	55326	\N	\N
643	52504	\N	\N
574	57190	\N	\N
549	61321	\N	\N
594	50355	\N	\N
604	70150	\N	\N
576	52835	\N	\N
545	54188	\N	\N
657	56674	\N	\N
666	47534	\N	\N
656	51739	\N	\N
547	51807	\N	\N
559	53297	\N	\N
614	47844	\N	\N
538	50100	\N	\N
600	48520	\N	\N
626	48593	\N	\N
607	51231	\N	\N
598	46746	\N	\N
608	50742	\N	\N
629	50058	\N	\N
561	44316	\N	\N
622	45541	\N	\N
652	43808	\N	\N
662	45099	\N	\N
552	44167	\N	\N
554	42483	\N	\N
578	45231	\N	\N
610	44136	\N	\N
685	40720	\N	\N
548	40494	\N	\N
532	43752	\N	\N
605	45884	\N	\N
565	42419	\N	\N
669	39597	\N	\N
534	43423	\N	\N
577	38917	\N	\N
644	39138	\N	\N
568	38353	\N	\N
587	34719	\N	\N
634	37929	\N	\N
612	42742	\N	\N
667	34603	\N	\N
525	34517	\N	\N
529	35011	\N	\N
528	35538	\N	\N
560	31965	\N	\N
536	37727	\N	\N
585	34791	\N	\N
540	32496	\N	\N
675	33551	\N	\N
593	34158	\N	\N
646	34034	\N	\N
628	36885	\N	\N
596	29938	\N	\N
655	30773	\N	\N
632	32496	\N	\N
571	34495	\N	\N
676	30714	\N	\N
589	31935	\N	\N
551	30073	\N	\N
539	30161	\N	\N
544	37865	\N	\N
631	28260	\N	\N
550	29821	\N	\N
562	29436	\N	\N
563	29931	\N	\N
541	28903	\N	\N
584	26079	\N	\N
524	31078	\N	\N
660	26148	\N	\N
535	27860	\N	\N
673	31474	\N	\N
648	28237	\N	\N
531	26583	\N	\N
546	29250	\N	\N
627	28018	\N	\N
668	27770	\N	\N
663	24453	\N	\N
609	27988	\N	\N
624	25480	\N	\N
527	27378	\N	\N
606	28630	\N	\N
553	27248	\N	\N
623	25063	\N	\N
537	27204	\N	\N
684	25238	\N	\N
601	22950	\N	\N
649	25287	\N	\N
651	24739	\N	\N
682	26453	\N	\N
670	24102	\N	\N
542	26196	\N	\N
681	24835	\N	\N
653	21751	\N	\N
557	22887	\N	\N
650	22571	\N	\N
677	22049	\N	\N
636	24275	\N	\N
638	23150	\N	\N
664	20030	\N	\N
642	18677	\N	\N
572	20988	\N	\N
625	20269	\N	\N
683	21896	\N	\N
654	19996	\N	\N
613	39699	\N	\N
671	22460	\N	\N
583	19849	\N	\N
661	20800	\N	\N
620	21049	\N	\N
679	20763	\N	\N
672	23313	\N	\N
555	20277	\N	\N
678	20191	\N	\N
647	17812	\N	\N
680	17525	\N	\N
674	16079	\N	\N
595	13354	\N	\N
556	11091	\N	\N
1	\N	\N	\N
520	\N	\N	\N
521	\N	\N	\N
522	\N	\N	\N
523	\N	\N	\N
\.


--
-- Data for Name: place_geocodes; Type: TABLE DATA; Schema: public; Owner: -
--

COPY public.place_geocodes (place_id, geocode, population, poverty_rate, pct_white) FROM stdin;
2	23001	\N	\N	\N
3	23003	\N	\N	\N
4	23007	\N	\N	\N
5	23009	\N	\N	\N
6	23011	\N	\N	\N
7	23013	\N	\N	\N
8	23015	\N	\N	\N
9	23017	\N	\N	\N
10	23019	\N	\N	\N
11	23021	\N	\N	\N
12	23023	\N	\N	\N
13	23025	\N	\N	\N
14	23027	\N	\N	\N
15	23029	\N	\N	\N
16	23031	\N	\N	\N
17	23005	\N	\N	\N
18	2300102060	\N	\N	\N
19	2300119105	\N	\N	\N
20	2300129255	\N	\N	\N
21	2300138565	\N	\N	\N
22	2300138740	\N	\N	\N
23	2300140035	\N	\N	\N
24	2300140665	\N	\N	\N
25	2300140770	\N	\N	\N
26	2300144585	\N	\N	\N
27	2300146160	\N	\N	\N
28	2300160020	\N	\N	\N
29	2300164570	\N	\N	\N
30	2300177800	\N	\N	\N
31	2300179585	\N	\N	\N
32	2300300800	\N	\N	\N
33	2300301220	\N	\N	\N
34	2300301710	\N	\N	\N
35	2300302760	\N	\N	\N
36	2300305385	\N	\N	\N
37	2300307065	\N	\N	\N
38	2300310565	\N	\N	\N
39	2300311020	\N	\N	\N
40	2300311300	\N	\N	\N
41	2300311335	\N	\N	\N
42	2300312000	\N	\N	\N
43	2300313900	\N	\N	\N
44	2300315395	\N	\N	\N
45	2300315990	\N	\N	\N
46	2300319210	\N	\N	\N
47	2300319420	\N	\N	\N
48	2300321380	\N	\N	\N
49	2300325615	\N	\N	\N
50	2300325755	\N	\N	\N
51	2300326735	\N	\N	\N
52	2300327120	\N	\N	\N
53	2300327855	\N	\N	\N
54	2300328590	\N	\N	\N
55	2300330690	\N	\N	\N
56	2300330725	\N	\N	\N
57	2300332195	\N	\N	\N
58	2300332685	\N	\N	\N
59	2300333385	\N	\N	\N
60	2300333980	\N	\N	\N
61	2300335065	\N	\N	\N
62	2300339300	\N	\N	\N
63	2300339965	\N	\N	\N
64	2300340595	\N	\N	\N
65	2300341715	\N	\N	\N
66	2300342450	\N	\N	\N
67	2300342520	\N	\N	\N
68	2300343255	\N	\N	\N
69	2300343710	\N	\N	\N
70	2300343990	\N	\N	\N
71	2300345180	\N	\N	\N
72	2300346685	\N	\N	\N
73	2300347175	\N	\N	\N
74	2300348120	\N	\N	\N
75	2300348575	\N	\N	\N
76	2300348960	\N	\N	\N
77	2300349415	\N	\N	\N
78	2300354385	\N	\N	\N
79	2300355435	\N	\N	\N
80	2300356205	\N	\N	\N
81	2300358060	\N	\N	\N
82	2300360300	\N	\N	\N
83	2300360825	\N	\N	\N
84	2300362400	\N	\N	\N
85	2300364780	\N	\N	\N
86	2300365025	\N	\N	\N
87	2300365200	\N	\N	\N
88	2300367790	\N	\N	\N
89	2300369260	\N	\N	\N
90	2300373472	\N	\N	\N
91	2300374405	\N	\N	\N
92	2300378570	\N	\N	\N
93	2300379270	\N	\N	\N
94	2300379865	\N	\N	\N
95	2300380285	\N	\N	\N
96	2300382770	\N	\N	\N
97	2300383540	\N	\N	\N
98	2300383785	\N	\N	\N
99	2300386865	\N	\N	\N
100	2300387215	\N	\N	\N
101	2300502655	\N	\N	\N
102	2300507170	\N	\N	\N
103	2300508430	\N	\N	\N
104	2300510180	\N	\N	\N
105	2300511125	\N	\N	\N
106	2300512300	\N	\N	\N
107	2300515430	\N	\N	\N
108	2300524495	\N	\N	\N
109	2300526525	\N	\N	\N
110	2300527025	\N	\N	\N
111	2300528240	\N	\N	\N
112	2300528870	\N	\N	\N
113	2300531390	\N	\N	\N
114	2300531600	\N	\N	\N
115	2300541067	\N	\N	\N
116	2300548085	\N	\N	\N
117	2300548820	\N	\N	\N
118	2300553860	\N	\N	\N
119	2300560545	\N	\N	\N
120	2300560685	\N	\N	\N
121	2300561945	\N	\N	\N
122	2300566145	\N	\N	\N
123	2300566775	\N	\N	\N
124	2300571990	\N	\N	\N
125	2300573670	\N	\N	\N
126	2300582105	\N	\N	\N
127	2300586025	\N	\N	\N
128	2300587845	\N	\N	\N
129	2300702235	\N	\N	\N
130	2300710740	\N	\N	\N
131	2300710915	\N	\N	\N
132	2300712595	\N	\N	\N
133	2300714205	\N	\N	\N
134	2300716165	\N	\N	\N
135	2300719865	\N	\N	\N
136	2300724005	\N	\N	\N
137	2300724775	\N	\N	\N
138	2300734820	\N	\N	\N
139	2300735625	\N	\N	\N
140	2300737025	\N	\N	\N
141	2300749345	\N	\N	\N
142	2300749520	\N	\N	\N
143	2300758445	\N	\N	\N
144	2300761840	\N	\N	\N
145	2300761875	\N	\N	\N
146	2300765655	\N	\N	\N
147	2300770760	\N	\N	\N
148	2300774825	\N	\N	\N
149	2300775980	\N	\N	\N
150	2300781300	\N	\N	\N
151	2300785850	\N	\N	\N
152	2300787680	\N	\N	\N
153	2300901185	\N	\N	\N
154	2300902165	\N	\N	\N
155	2300902865	\N	\N	\N
156	2300905700	\N	\N	\N
157	2300907800	\N	\N	\N
158	2300907975	\N	\N	\N
159	2300908815	\N	\N	\N
160	2300911265	\N	\N	\N
161	2300911800	\N	\N	\N
162	2300914905	\N	\N	\N
163	2300916935	\N	\N	\N
164	2300917145	\N	\N	\N
165	2300919770	\N	\N	\N
166	2300920405	\N	\N	\N
167	2300923200	\N	\N	\N
168	2300926350	\N	\N	\N
169	2300926595	\N	\N	\N
170	2300928450	\N	\N	\N
171	2300928975	\N	\N	\N
172	2300930970	\N	\N	\N
173	2300938180	\N	\N	\N
174	2300943430	\N	\N	\N
175	2300943578	\N	\N	\N
176	2300947630	\N	\N	\N
177	2300955505	\N	\N	\N
178	2300955855	\N	\N	\N
179	2300955890	\N	\N	\N
180	2300957920	\N	\N	\N
181	2300967300	\N	\N	\N
182	2300969750	\N	\N	\N
183	2300972865	\N	\N	\N
184	2300974580	\N	\N	\N
185	2300974965	\N	\N	\N
186	2300975280	\N	\N	\N
187	2300975455	\N	\N	\N
188	2300977345	\N	\N	\N
189	2300977415	\N	\N	\N
190	2300978925	\N	\N	\N
191	2300980040	\N	\N	\N
192	2300986655	\N	\N	\N
193	2301100590	\N	\N	\N
194	2301102100	\N	\N	\N
195	2301104020	\N	\N	\N
196	2301104475	\N	\N	\N
197	2301112350	\N	\N	\N
198	2301112735	\N	\N	\N
199	2301113470	\N	\N	\N
200	2301124670	\N	\N	\N
201	2301124950	\N	\N	\N
202	2301127085	\N	\N	\N
203	2301130550	\N	\N	\N
204	2301140175	\N	\N	\N
205	2301143080	\N	\N	\N
206	2301146405	\N	\N	\N
207	2301147770	\N	\N	\N
208	2301154560	\N	\N	\N
209	2301159110	\N	\N	\N
210	2301161700	\N	\N	\N
211	2301162190	\N	\N	\N
212	2301163835	\N	\N	\N
213	2301168385	\N	\N	\N
214	2301178745	\N	\N	\N
215	2301179025	\N	\N	\N
216	2301180740	\N	\N	\N
217	2301180880	\N	\N	\N
218	2301182945	\N	\N	\N
219	2301186165	\N	\N	\N
220	2301186515	\N	\N	\N
221	2301186970	\N	\N	\N
222	2301301465	\N	\N	\N
223	2301309725	\N	\N	\N
224	2301315780	\N	\N	\N
225	2301326805	\N	\N	\N
226	2301333840	\N	\N	\N
227	2301335135	\N	\N	\N
228	2301344165	\N	\N	\N
229	2301351620	\N	\N	\N
230	2301356135	\N	\N	\N
231	2301363590	\N	\N	\N
232	2301363660	\N	\N	\N
233	2301365130	\N	\N	\N
234	2301372585	\N	\N	\N
235	2301376365	\N	\N	\N
236	2301378115	\N	\N	\N
237	2301379130	\N	\N	\N
238	2301380215	\N	\N	\N
239	2301501010	\N	\N	\N
240	2301506050	\N	\N	\N
241	2301506120	\N	\N	\N
242	2301506855	\N	\N	\N
243	2301507485	\N	\N	\N
244	2301516235	\N	\N	\N
245	2301518475	\N	\N	\N
246	2301522675	\N	\N	\N
247	2301535695	\N	\N	\N
248	2301548645	\N	\N	\N
249	2301549660	\N	\N	\N
250	2301569645	\N	\N	\N
251	2301570240	\N	\N	\N
252	2301571955	\N	\N	\N
253	2301579550	\N	\N	\N
254	2301584140	\N	\N	\N
255	2301585010	\N	\N	\N
256	2301587075	\N	\N	\N
257	2301701325	\N	\N	\N
258	2301704825	\N	\N	\N
259	2301708150	\N	\N	\N
260	2301708710	\N	\N	\N
261	2301709550	\N	\N	\N
262	2301710005	\N	\N	\N
263	2301717250	\N	\N	\N
264	2301717740	\N	\N	\N
265	2301726910	\N	\N	\N
266	2301727505	\N	\N	\N
267	2301729710	\N	\N	\N
268	2301731110	\N	\N	\N
269	2301731670	\N	\N	\N
270	2301732370	\N	\N	\N
271	2301733315	\N	\N	\N
272	2301739422	\N	\N	\N
273	2301741365	\N	\N	\N
274	2301742835	\N	\N	\N
275	2301745285	\N	\N	\N
276	2301746105	\N	\N	\N
277	2301749275	\N	\N	\N
278	2301754000	\N	\N	\N
279	2301755960	\N	\N	\N
280	2301756310	\N	\N	\N
281	2301756625	\N	\N	\N
282	2301758270	\N	\N	\N
283	2301760405	\N	\N	\N
284	2301764185	\N	\N	\N
285	2301764290	\N	\N	\N
286	2301771755	\N	\N	\N
287	2301774510	\N	\N	\N
288	2301774685	\N	\N	\N
289	2301775035	\N	\N	\N
290	2301775595	\N	\N	\N
291	2301778465	\N	\N	\N
292	2301780635	\N	\N	\N
293	2301783890	\N	\N	\N
294	2301787355	\N	\N	\N
295	2301901115	\N	\N	\N
296	2301901500	\N	\N	\N
297	2301902795	\N	\N	\N
298	2301906575	\N	\N	\N
299	2301906680	\N	\N	\N
300	2301906925	\N	\N	\N
301	2301909200	\N	\N	\N
302	2301910670	\N	\N	\N
303	2301910810	\N	\N	\N
304	2301912105	\N	\N	\N
305	2301912525	\N	\N	\N
306	2301913365	\N	\N	\N
307	2301914310	\N	\N	\N
308	2301914380	\N	\N	\N
309	2301917530	\N	\N	\N
310	2301917950	\N	\N	\N
311	2301918580	\N	\N	\N
312	2301921030	\N	\N	\N
313	2301922535	\N	\N	\N
314	2301922710	\N	\N	\N
315	2301923620	\N	\N	\N
316	2301923865	\N	\N	\N
317	2301924110	\N	\N	\N
318	2301927190	\N	\N	\N
319	2301927645	\N	\N	\N
320	2301929185	\N	\N	\N
321	2301930795	\N	\N	\N
322	2301932510	\N	\N	\N
323	2301933490	\N	\N	\N
324	2301934190	\N	\N	\N
325	2301934365	\N	\N	\N
326	2301936325	\N	\N	\N
327	2301937075	\N	\N	\N
328	2301937760	\N	\N	\N
329	2301938005	\N	\N	\N
330	2301938530	\N	\N	\N
331	2301938705	\N	\N	\N
332	2301939475	\N	\N	\N
333	2301941435	\N	\N	\N
334	2301944270	\N	\N	\N
335	2301944340	\N	\N	\N
336	2301945005	\N	\N	\N
337	2301945670	\N	\N	\N
338	2301945810	\N	\N	\N
339	2301947560	\N	\N	\N
340	2301948505	\N	\N	\N
341	2301949065	\N	\N	\N
342	2301952710	\N	\N	\N
343	2301955225	\N	\N	\N
344	2301955565	\N	\N	\N
345	2301955680	\N	\N	\N
346	2301957045	\N	\N	\N
347	2301957150	\N	\N	\N
348	2301957936	\N	\N	\N
349	2301959950	\N	\N	\N
350	2301960790	\N	\N	\N
351	2301973250	\N	\N	\N
352	2301973600	\N	\N	\N
353	2301974055	\N	\N	\N
354	2301978015	\N	\N	\N
355	2301978780	\N	\N	\N
356	2301981055	\N	\N	\N
357	2301985230	\N	\N	\N
358	2301986305	\N	\N	\N
359	2301987390	\N	\N	\N
360	2302100100	\N	\N	\N
361	2302101920	\N	\N	\N
362	2302103740	\N	\N	\N
363	2302105560	\N	\N	\N
364	2302106400	\N	\N	\N
365	2302108325	\N	\N	\N
366	2302118195	\N	\N	\N
367	2302129535	\N	\N	\N
368	2302130095	\N	\N	\N
369	2302144830	\N	\N	\N
370	2302146020	\N	\N	\N
371	2302146580	\N	\N	\N
372	2302156765	\N	\N	\N
373	2302165865	\N	\N	\N
374	2302166950	\N	\N	\N
375	2302168140	\N	\N	\N
376	2302181405	\N	\N	\N
377	2302185710	\N	\N	\N
378	2302301570	\N	\N	\N
379	2302303355	\N	\N	\N
380	2302306260	\N	\N	\N
381	2302306365	\N	\N	\N
382	2302327295	\N	\N	\N
383	2302358515	\N	\N	\N
384	2302362645	\N	\N	\N
385	2302376960	\N	\N	\N
386	2302381930	\N	\N	\N
387	2302387460	\N	\N	\N
388	2302501395	\N	\N	\N
389	2302501885	\N	\N	\N
390	2302505000	\N	\N	\N
391	2302509655	\N	\N	\N
392	2302509935	\N	\N	\N
393	2302510495	\N	\N	\N
394	2302514555	\N	\N	\N
395	2302517460	\N	\N	\N
396	2302523410	\N	\N	\N
397	2302524320	\N	\N	\N
398	2302531355	\N	\N	\N
399	2302531740	\N	\N	\N
400	2302535345	\N	\N	\N
401	2302542660	\N	\N	\N
402	2302545110	\N	\N	\N
403	2302547140	\N	\N	\N
404	2302547455	\N	\N	\N
405	2302549205	\N	\N	\N
406	2302549835	\N	\N	\N
407	2302556520	\N	\N	\N
408	2302559005	\N	\N	\N
409	2302562995	\N	\N	\N
410	2302564850	\N	\N	\N
411	2302568910	\N	\N	\N
412	2302569155	\N	\N	\N
413	2302569505	\N	\N	\N
414	2302573845	\N	\N	\N
415	2302576190	\N	\N	\N
416	2302582840	\N	\N	\N
417	2302703950	\N	\N	\N
418	2302704125	\N	\N	\N
419	2302707870	\N	\N	\N
420	2302709270	\N	\N	\N
421	2302726280	\N	\N	\N
422	2302726420	\N	\N	\N
423	2302735240	\N	\N	\N
424	2302735450	\N	\N	\N
425	2302737585	\N	\N	\N
426	2302739055	\N	\N	\N
427	2302739755	\N	\N	\N
428	2302746475	\N	\N	\N
429	2302746790	\N	\N	\N
430	2302747245	\N	\N	\N
431	2302752845	\N	\N	\N
432	2302756450	\N	\N	\N
433	2302761210	\N	\N	\N
434	2302766565	\N	\N	\N
435	2302766635	\N	\N	\N
436	2302774475	\N	\N	\N
437	2302775525	\N	\N	\N
438	2302776610	\N	\N	\N
439	2302777625	\N	\N	\N
440	2302778255	\N	\N	\N
441	2302779480	\N	\N	\N
442	2302786760	\N	\N	\N
443	2302900380	\N	\N	\N
444	2302900660	\N	\N	\N
445	2302902480	\N	\N	\N
446	2302902970	\N	\N	\N
447	2302903670	\N	\N	\N
448	2302903810	\N	\N	\N
449	2302909585	\N	\N	\N
450	2302912175	\N	\N	\N
451	2302912455	\N	\N	\N
452	2302913610	\N	\N	\N
453	2302913750	\N	\N	\N
454	2302913820	\N	\N	\N
455	2302914100	\N	\N	\N
456	2302914940	\N	\N	\N
457	2302915920	\N	\N	\N
458	2302916410	\N	\N	\N
459	2302916865	\N	\N	\N
460	2302917355	\N	\N	\N
461	2302920960	\N	\N	\N
462	2302921730	\N	\N	\N
463	2302928660	\N	\N	\N
464	2302931530	\N	\N	\N
465	2302935905	\N	\N	\N
466	2302936010	\N	\N	\N
467	2302941610	\N	\N	\N
468	2302941960	\N	\N	\N
469	2302942100	\N	\N	\N
470	2302943640	\N	\N	\N
471	2302944760	\N	\N	\N
472	2302945600	\N	\N	\N
473	2302951375	\N	\N	\N
474	2302953500	\N	\N	\N
475	2302957082	\N	\N	\N
476	2302957090	\N	\N	\N
477	2302957780	\N	\N	\N
478	2302958165	\N	\N	\N
479	2302961035	\N	\N	\N
480	2302963275	\N	\N	\N
481	2302963940	\N	\N	\N
482	2302974125	\N	\N	\N
483	2302975770	\N	\N	\N
484	2302976895	\N	\N	\N
485	2302978675	\N	\N	\N
486	2302979375	\N	\N	\N
487	2302981685	\N	\N	\N
488	2302985185	\N	\N	\N
489	2302985290	\N	\N	\N
490	2303100275	\N	\N	\N
491	2303100730	\N	\N	\N
492	2303101605	\N	\N	\N
493	2303104720	\N	\N	\N
494	2303104860	\N	\N	\N
495	2303109410	\N	\N	\N
496	2303114485	\N	\N	\N
497	2303116725	\N	\N	\N
498	2303122955	\N	\N	\N
499	2303133665	\N	\N	\N
500	2303136535	\N	\N	\N
501	2303136745	\N	\N	\N
502	2303137270	\N	\N	\N
503	2303138425	\N	\N	\N
504	2303139195	\N	\N	\N
505	2303139405	\N	\N	\N
506	2303141750	\N	\N	\N
507	2303148750	\N	\N	\N
508	2303150325	\N	\N	\N
509	2303154980	\N	\N	\N
510	2303155085	\N	\N	\N
511	2303156870	\N	\N	\N
512	2303164675	\N	\N	\N
513	2303165725	\N	\N	\N
514	2303167475	\N	\N	\N
515	2303170030	\N	\N	\N
516	2303180530	\N	\N	\N
517	2303181475	\N	\N	\N
518	2303187985	\N	\N	\N
520	36047	\N	\N	\N
521	36061	\N	\N	\N
522	36061	\N	\N	\N
523	36085	\N	\N	\N
524	BX01	\N	\N	\N
525	BX03	\N	\N	\N
526	BX05	\N	\N	\N
526	BX40	\N	\N	\N
527	BX06	\N	\N	\N
528	BX07	\N	\N	\N
529	BX08	\N	\N	\N
530	BX09	\N	\N	\N
530	BX55	\N	\N	\N
531	BX10	\N	\N	\N
532	BX13	\N	\N	\N
533	BX14	\N	\N	\N
533	BX63	\N	\N	\N
534	BX17	\N	\N	\N
535	BX22	\N	\N	\N
536	BX26	\N	\N	\N
537	BX27	\N	\N	\N
538	BX28	\N	\N	\N
539	BX29	\N	\N	\N
540	BX30	\N	\N	\N
541	BX31	\N	\N	\N
542	BX33	\N	\N	\N
543	BX34	\N	\N	\N
543	BX39	\N	\N	\N
544	BX35	\N	\N	\N
545	BX36	\N	\N	\N
546	BX37	\N	\N	\N
547	BX41	\N	\N	\N
548	BX43	\N	\N	\N
549	BX44	\N	\N	\N
550	BX46	\N	\N	\N
551	BX49	\N	\N	\N
552	BX52	\N	\N	\N
553	BX59	\N	\N	\N
554	BX62	\N	\N	\N
555	BX75	\N	\N	\N
556	BX98	\N	\N	\N
557	BK09	\N	\N	\N
558	BK17	\N	\N	\N
559	BK19	\N	\N	\N
559	BK23	\N	\N	\N
560	BK21	\N	\N	\N
561	BK25	\N	\N	\N
562	BK26	\N	\N	\N
563	BK27	\N	\N	\N
564	BK28	\N	\N	\N
564	BK29	\N	\N	\N
565	BK30	\N	\N	\N
566	BK31	\N	\N	\N
567	BK32	\N	\N	\N
567	BK34	\N	\N	\N
568	BK33	\N	\N	\N
569	BK35	\N	\N	\N
569	BK75	\N	\N	\N
570	BK37	\N	\N	\N
571	BK38	\N	\N	\N
572	BK40	\N	\N	\N
574	BK41	\N	\N	\N
574	BK46	\N	\N	\N
575	BK42	\N	\N	\N
576	BK43	\N	\N	\N
577	BK44	\N	\N	\N
578	BK45	\N	\N	\N
579	BK50	\N	\N	\N
580	BK58	\N	\N	\N
581	BK60	\N	\N	\N
582	BK61	\N	\N	\N
582	BK63	\N	\N	\N
583	BK64	\N	\N	\N
584	BK68	\N	\N	\N
585	BK69	\N	\N	\N
586	BK72	\N	\N	\N
586	BK73	\N	\N	\N
587	BK76	\N	\N	\N
588	BK77	\N	\N	\N
588	BK78	\N	\N	\N
589	BK79	\N	\N	\N
590	BK81	\N	\N	\N
591	BK82	\N	\N	\N
591	BK85	\N	\N	\N
592	BK88	\N	\N	\N
593	BK90	\N	\N	\N
594	BK91	\N	\N	\N
595	BK93	\N	\N	\N
596	BK95	\N	\N	\N
597	BK96	\N	\N	\N
598	MN01	\N	\N	\N
599	MN03	\N	\N	\N
599	MN11	\N	\N	\N
599	MN33	\N	\N	\N
599	MN34	\N	\N	\N
600	MN04	\N	\N	\N
601	MN06	\N	\N	\N
602	MN09	\N	\N	\N
602	MN14	\N	\N	\N
603	MN12	\N	\N	\N
604	MN13	\N	\N	\N
605	MN15	\N	\N	\N
606	MN17	\N	\N	\N
607	MN19	\N	\N	\N
608	MN20	\N	\N	\N
609	MN21	\N	\N	\N
610	MN22	\N	\N	\N
611	MN23	\N	\N	\N
612	MN24	\N	\N	\N
613	MN25	\N	\N	\N
614	MN27	\N	\N	\N
615	MN28	\N	\N	\N
616	MN31	\N	\N	\N
617	MN32	\N	\N	\N
618	MN35	\N	\N	\N
618	MN36	\N	\N	\N
619	MN40	\N	\N	\N
620	MN50	\N	\N	\N
621	QN61	\N	\N	\N
621	QN01	\N	\N	\N
622	QN02	\N	\N	\N
622	QN03	\N	\N	\N
623	QN05	\N	\N	\N
624	QN06	\N	\N	\N
625	QN07	\N	\N	\N
626	QN08	\N	\N	\N
627	QN10	\N	\N	\N
628	QN12	\N	\N	\N
629	QN15	\N	\N	\N
630	QN17	\N	\N	\N
631	QN18	\N	\N	\N
632	QN19	\N	\N	\N
633	QN20	\N	\N	\N
634	QN21	\N	\N	\N
635	QN22	\N	\N	\N
635	QN52	\N	\N	\N
636	QN23	\N	\N	\N
637	QN25	\N	\N	\N
637	QN26	\N	\N	\N
638	QN27	\N	\N	\N
639	QN28	\N	\N	\N
640	QN30	\N	\N	\N
640	QN50	\N	\N	\N
640	QN29	\N	\N	\N
641	QN31	\N	\N	\N
642	QN33	\N	\N	\N
643	QN34	\N	\N	\N
644	QN35	\N	\N	\N
645	QN37	\N	\N	\N
645	QN60	\N	\N	\N
646	QN38	\N	\N	\N
647	QN41	\N	\N	\N
648	QN42	\N	\N	\N
649	QN43	\N	\N	\N
650	QN44	\N	\N	\N
651	QN45	\N	\N	\N
652	QN46	\N	\N	\N
653	QN47	\N	\N	\N
654	QN48	\N	\N	\N
655	QN49	\N	\N	\N
656	QN51	\N	\N	\N
657	QN53	\N	\N	\N
658	QN54	\N	\N	\N
659	QN55	\N	\N	\N
659	QN56	\N	\N	\N
660	QN57	\N	\N	\N
661	QN62	\N	\N	\N
662	QN63	\N	\N	\N
663	QN66	\N	\N	\N
664	QN68	\N	\N	\N
665	QN70	\N	\N	\N
665	QN71	\N	\N	\N
666	QN72	\N	\N	\N
667	QN76	\N	\N	\N
668	SI01	\N	\N	\N
669	SI05	\N	\N	\N
670	SI07	\N	\N	\N
671	SI08	\N	\N	\N
672	SI11	\N	\N	\N
673	SI12	\N	\N	\N
674	SI14	\N	\N	\N
675	SI22	\N	\N	\N
676	SI24	\N	\N	\N
677	SI25	\N	\N	\N
678	SI28	\N	\N	\N
679	SI32	\N	\N	\N
680	SI35	\N	\N	\N
681	SI36	\N	\N	\N
682	SI37	\N	\N	\N
683	SI45	\N	\N	\N
684	SI48	\N	\N	\N
685	SI54	\N	\N	\N
\.


--
-- Data for Name: place_mentions; Type: TABLE DATA; Schema: public; Owner: -
--

COPY public.place_mentions (id, article_id, relevance_score, context, place_id) FROM stdin;
\.


--
-- Data for Name: region_relations; Type: TABLE DATA; Schema: public; Owner: -
--

COPY public.region_relations (subregion_id, parent_region_id) FROM stdin;
\.


--
-- Name: articles_id_seq; Type: SEQUENCE SET; Schema: public; Owner: -
--

SELECT pg_catalog.setval('public.articles_id_seq', 17525, true);


--
-- Name: feeds_id_seq; Type: SEQUENCE SET; Schema: public; Owner: -
--

SELECT pg_catalog.setval('public.feeds_id_seq', 5, true);


--
-- Name: media_markets_id_seq; Type: SEQUENCE SET; Schema: public; Owner: -
--

SELECT pg_catalog.setval('public.media_markets_id_seq', 2, true);


--
-- Name: place_mentions_id_seq; Type: SEQUENCE SET; Schema: public; Owner: -
--

SELECT pg_catalog.setval('public.place_mentions_id_seq', 27025, true);


--
-- Name: places_id_seq; Type: SEQUENCE SET; Schema: public; Owner: -
--

SELECT pg_catalog.setval('public.places_id_seq', 680, true);


--
-- Name: publishers_id_seq; Type: SEQUENCE SET; Schema: public; Owner: -
--

SELECT pg_catalog.setval('public.publishers_id_seq', 5, true);


--
-- PostgreSQL database dump complete
--

