--
-- PostgreSQL database dump
--

-- Dumped from database version 10.6 (Debian 10.6-1.pgdg90+1)
-- Dumped by pg_dump version 10.6 (Debian 10.6-1.pgdg90+1)

SET statement_timeout = 0;
SET lock_timeout = 0;
SET idle_in_transaction_session_timeout = 0;
SET client_encoding = 'UTF8';
SET standard_conforming_strings = on;
SELECT pg_catalog.set_config('search_path', '', false);
SET check_function_bodies = false;
SET client_min_messages = warning;
SET row_security = off;

--
-- Data for Name: media_markets; Type: TABLE DATA; Schema: public; Owner: -
--

INSERT INTO public.media_markets (market_id, market_name) VALUES (1, 'New York City');
INSERT INTO public.media_markets (market_id, market_name) VALUES (2, 'Portland, ME');


--
-- Data for Name: publishers; Type: TABLE DATA; Schema: public; Owner: -
--

INSERT INTO public.publishers (pub_id, publisher, market_id) VALUES (1, 'New York Times', 1);
INSERT INTO public.publishers (pub_id, publisher, market_id) VALUES (2, 'New York Daily News', 1);
INSERT INTO public.publishers (pub_id, publisher, market_id) VALUES (3, 'New York Post', 1);
INSERT INTO public.publishers (pub_id, publisher, market_id) VALUES (4, 'Portland Press Herald', 2);


--
-- Data for Name: feeds; Type: TABLE DATA; Schema: public; Owner: -
--

INSERT INTO public.feeds (feed_id, pub_id, description, url) VALUES (1, 3, NULL, 'https://nypost.com/feed/');
INSERT INTO public.feeds (feed_id, pub_id, description, url) VALUES (2, 2, NULL, 'http://www.nydailynews.com/cmlink/NYDN.Local.rss');
INSERT INTO public.feeds (feed_id, pub_id, description, url) VALUES (3, 4, NULL, 'https://www.pressherald.com/mailchimp-feed/');
INSERT INTO public.feeds (feed_id, pub_id, description, url) VALUES (4, 1, NULL, NULL);


--
-- Data for Name: places; Type: TABLE DATA; Schema: public; Owner: -
--

INSERT INTO public.places (place_id, place_name, geocode, place_alias, market_id) VALUES (1, 'Brooklyn', 'BK', NULL, 1);
INSERT INTO public.places (place_id, place_name, geocode, place_alias, market_id) VALUES (2, 'Queens', 'QN', NULL, 1);
INSERT INTO public.places (place_id, place_name, geocode, place_alias, market_id) VALUES (3, 'Bronx', 'BX', NULL, 1);
INSERT INTO public.places (place_id, place_name, geocode, place_alias, market_id) VALUES (4, 'Manhattan', 'MN', NULL, 1);
INSERT INTO public.places (place_id, place_name, geocode, place_alias, market_id) VALUES (5, 'Staten Island', 'SI', NULL, 1);
INSERT INTO public.places (place_id, place_name, geocode, place_alias, market_id) VALUES (6, 'Brooklyn Heights', 'BK09', NULL, 1);
INSERT INTO public.places (place_id, place_name, geocode, place_alias, market_id) VALUES (7, 'Cobble Hill', 'BK09', NULL, 1);
INSERT INTO public.places (place_id, place_name, geocode, place_alias, market_id) VALUES (8, 'Sheepshead Bay', 'BK17', NULL, 1);
INSERT INTO public.places (place_id, place_name, geocode, place_alias, market_id) VALUES (9, 'Gerritsen Beach', 'BK17', NULL, 1);
INSERT INTO public.places (place_id, place_name, geocode, place_alias, market_id) VALUES (10, 'Manhattan Beach', 'BK17', NULL, 1);
INSERT INTO public.places (place_id, place_name, geocode, place_alias, market_id) VALUES (11, 'Brighton Beach', 'BK19', NULL, 1);
INSERT INTO public.places (place_id, place_name, geocode, place_alias, market_id) VALUES (12, 'Seagate', 'BK21', NULL, 1);
INSERT INTO public.places (place_id, place_name, geocode, place_alias, market_id) VALUES (13, 'Coney Island', 'BK21', NULL, 1);
INSERT INTO public.places (place_id, place_name, geocode, place_alias, market_id) VALUES (14, 'Homecrest', 'BK25', NULL, 1);
INSERT INTO public.places (place_id, place_name, geocode, place_alias, market_id) VALUES (15, 'Gravesend', 'BK26', NULL, 1);
INSERT INTO public.places (place_id, place_name, geocode, place_alias, market_id) VALUES (16, 'Bath Beach', 'BK27', NULL, 1);
INSERT INTO public.places (place_id, place_name, geocode, place_alias, market_id) VALUES (17, 'Bensonhurst West', 'BK28', 'Bensonhurst', 1);
INSERT INTO public.places (place_id, place_name, geocode, place_alias, market_id) VALUES (18, 'Bensonhurst East', 'BK29', 'Bensonhurst', 1);
INSERT INTO public.places (place_id, place_name, geocode, place_alias, market_id) VALUES (19, 'Dyker Heights', 'BK30', NULL, 1);
INSERT INTO public.places (place_id, place_name, geocode, place_alias, market_id) VALUES (20, 'Bay Ridge', 'BK31', NULL, 1);
INSERT INTO public.places (place_id, place_name, geocode, place_alias, market_id) VALUES (21, 'Sunset Park West', 'BK32', 'Sunset Park', 1);
INSERT INTO public.places (place_id, place_name, geocode, place_alias, market_id) VALUES (22, 'Carroll Gardens', 'BK33', NULL, 1);
INSERT INTO public.places (place_id, place_name, geocode, place_alias, market_id) VALUES (23, 'Columbia Street', 'BK33', NULL, 1);
INSERT INTO public.places (place_id, place_name, geocode, place_alias, market_id) VALUES (24, 'Red Hook', 'BK33', NULL, 1);
INSERT INTO public.places (place_id, place_name, geocode, place_alias, market_id) VALUES (25, 'Sunset Park East', 'BK34', 'Sunset Park', 1);
INSERT INTO public.places (place_id, place_name, geocode, place_alias, market_id) VALUES (26, 'Stuyvesant Heights', 'BK35', 'Bedford-Stuyvesant', 1);
INSERT INTO public.places (place_id, place_name, geocode, place_alias, market_id) VALUES (27, 'Park Slope', 'BK37', NULL, 1);
INSERT INTO public.places (place_id, place_name, geocode, place_alias, market_id) VALUES (28, 'Gowanus', 'BK37', NULL, 1);
INSERT INTO public.places (place_id, place_name, geocode, place_alias, market_id) VALUES (29, 'DUMBO', 'BK38', NULL, 1);
INSERT INTO public.places (place_id, place_name, geocode, place_alias, market_id) VALUES (30, 'Vinegar Hill', 'BK38', NULL, 1);
INSERT INTO public.places (place_id, place_name, geocode, place_alias, market_id) VALUES (31, 'Downtown Brooklyn', 'BK38', NULL, 1);
INSERT INTO public.places (place_id, place_name, geocode, place_alias, market_id) VALUES (32, 'Boerum Hill', 'BK38', NULL, 1);
INSERT INTO public.places (place_id, place_name, geocode, place_alias, market_id) VALUES (33, 'Windsor Terrace', 'BK40', NULL, 1);
INSERT INTO public.places (place_id, place_name, geocode, place_alias, market_id) VALUES (34, 'Kensington', 'BK41', NULL, 1);
INSERT INTO public.places (place_id, place_name, geocode, place_alias, market_id) VALUES (35, 'Ocean Parkway', 'BK41', NULL, 1);
INSERT INTO public.places (place_id, place_name, geocode, place_alias, market_id) VALUES (36, 'Flatbush', 'BK42', 'Flatbush', 1);
INSERT INTO public.places (place_id, place_name, geocode, place_alias, market_id) VALUES (37, 'Midwood', 'BK43', 'Midwood', 1);
INSERT INTO public.places (place_id, place_name, geocode, place_alias, market_id) VALUES (38, 'Georgetown', 'BK45', NULL, 1);
INSERT INTO public.places (place_id, place_name, geocode, place_alias, market_id) VALUES (39, 'Marine Park', 'BK45', NULL, 1);
INSERT INTO public.places (place_id, place_name, geocode, place_alias, market_id) VALUES (40, 'Bergen Beach', 'BK45', NULL, 1);
INSERT INTO public.places (place_id, place_name, geocode, place_alias, market_id) VALUES (41, 'Mill Basin', 'BK45', NULL, 1);
INSERT INTO public.places (place_id, place_name, geocode, place_alias, market_id) VALUES (42, 'Ocean Parkway South', 'BK46', 'Midwood', 1);
INSERT INTO public.places (place_id, place_name, geocode, place_alias, market_id) VALUES (43, 'Canarsie', 'BK50', NULL, 1);
INSERT INTO public.places (place_id, place_name, geocode, place_alias, market_id) VALUES (44, 'Flatlands', 'BK58', NULL, 1);
INSERT INTO public.places (place_id, place_name, geocode, place_alias, market_id) VALUES (45, 'Prospect Lefferts Gardens', 'BK60', NULL, 1);
INSERT INTO public.places (place_id, place_name, geocode, place_alias, market_id) VALUES (46, 'Wingate', 'BK60', NULL, 1);
INSERT INTO public.places (place_id, place_name, geocode, place_alias, market_id) VALUES (47, 'Crown Heights North', 'BK61', 'Crown Heights', 1);
INSERT INTO public.places (place_id, place_name, geocode, place_alias, market_id) VALUES (48, 'Crown Heights South', 'BK63', 'Crown Heights', 1);
INSERT INTO public.places (place_id, place_name, geocode, place_alias, market_id) VALUES (49, 'Prospect Heights', 'BK64', NULL, 1);
INSERT INTO public.places (place_id, place_name, geocode, place_alias, market_id) VALUES (50, 'Fort Greene', 'BK68', NULL, 1);
INSERT INTO public.places (place_id, place_name, geocode, place_alias, market_id) VALUES (51, 'Clinton Hill', 'BK69', NULL, 1);
INSERT INTO public.places (place_id, place_name, geocode, place_alias, market_id) VALUES (52, 'Williamsburg', 'BK72', 'Williamsburg', 1);
INSERT INTO public.places (place_id, place_name, geocode, place_alias, market_id) VALUES (53, 'North Side', 'BK73', 'Williamsburg', 1);
INSERT INTO public.places (place_id, place_name, geocode, place_alias, market_id) VALUES (54, 'South Side', 'BK73', 'Williamsburg', 1);
INSERT INTO public.places (place_id, place_name, geocode, place_alias, market_id) VALUES (55, 'Bedford', 'BK75', 'Bedford-Stuyvesant', 1);
INSERT INTO public.places (place_id, place_name, geocode, place_alias, market_id) VALUES (56, 'Greenpoint', 'BK76', NULL, 1);
INSERT INTO public.places (place_id, place_name, geocode, place_alias, market_id) VALUES (57, 'Bushwick North', 'BK77', 'Bushwick', 1);
INSERT INTO public.places (place_id, place_name, geocode, place_alias, market_id) VALUES (58, 'Bushwick South', 'BK78', 'Bushwick', 1);
INSERT INTO public.places (place_id, place_name, geocode, place_alias, market_id) VALUES (59, 'Ocean Hill', 'BK79', 'Bedford-Stuyvesant', 1);
INSERT INTO public.places (place_id, place_name, geocode, place_alias, market_id) VALUES (60, 'Brownsville', 'BK81', NULL, 1);
INSERT INTO public.places (place_id, place_name, geocode, place_alias, market_id) VALUES (61, 'East New York', 'BK82', 'East New York', 1);
INSERT INTO public.places (place_id, place_name, geocode, place_alias, market_id) VALUES (62, 'Cypress Hills', 'BK83', NULL, 1);
INSERT INTO public.places (place_id, place_name, geocode, place_alias, market_id) VALUES (63, 'City Line', 'BK83', NULL, 1);
INSERT INTO public.places (place_id, place_name, geocode, place_alias, market_id) VALUES (64, 'East New York (Pennsylvania Ave)', 'BK85', 'East New York', 1);
INSERT INTO public.places (place_id, place_name, geocode, place_alias, market_id) VALUES (65, 'Borough Park', 'BK88', NULL, 1);
INSERT INTO public.places (place_id, place_name, geocode, place_alias, market_id) VALUES (66, 'East Williamsburg', 'BK90', 'Williamsburg', 1);
INSERT INTO public.places (place_id, place_name, geocode, place_alias, market_id) VALUES (67, 'East Flatbush', 'BK91', 'Flatbush', 1);
INSERT INTO public.places (place_id, place_name, geocode, place_alias, market_id) VALUES (68, 'Farragut', 'BK91', 'Flatbush', 1);
INSERT INTO public.places (place_id, place_name, geocode, place_alias, market_id) VALUES (69, 'Starrett City', 'BK93', NULL, 1);
INSERT INTO public.places (place_id, place_name, geocode, place_alias, market_id) VALUES (70, 'Erasmus', 'BK95', 'Flatbush', 1);
INSERT INTO public.places (place_id, place_name, geocode, place_alias, market_id) VALUES (71, 'Rugby', 'BK96', 'Flatbush', 1);
INSERT INTO public.places (place_id, place_name, geocode, place_alias, market_id) VALUES (72, 'Remsen Village', 'BK96', 'Flatbush', 1);
INSERT INTO public.places (place_id, place_name, geocode, place_alias, market_id) VALUES (73, 'South Jamaica', 'QN01', NULL, 1);
INSERT INTO public.places (place_id, place_name, geocode, place_alias, market_id) VALUES (74, 'Springfield Gardens North', 'QN02', 'Springfield Gardens', 1);
INSERT INTO public.places (place_id, place_name, geocode, place_alias, market_id) VALUES (75, 'Springfield Gardens South', 'QN03', 'Springfield Gardens', 1);
INSERT INTO public.places (place_id, place_name, geocode, place_alias, market_id) VALUES (76, 'Brookville', 'QN03', 'Springfield Gardens', 1);
INSERT INTO public.places (place_id, place_name, geocode, place_alias, market_id) VALUES (77, 'Rosedale', 'QN05', NULL, 1);
INSERT INTO public.places (place_id, place_name, geocode, place_alias, market_id) VALUES (78, 'Jamaica Estates', 'QN06', NULL, 1);
INSERT INTO public.places (place_id, place_name, geocode, place_alias, market_id) VALUES (79, 'Holliswood', 'QN06', NULL, 1);
INSERT INTO public.places (place_id, place_name, geocode, place_alias, market_id) VALUES (80, 'Hollis', 'QN07', NULL, 1);
INSERT INTO public.places (place_id, place_name, geocode, place_alias, market_id) VALUES (81, 'St. Albans', 'QN08', NULL, 1);
INSERT INTO public.places (place_id, place_name, geocode, place_alias, market_id) VALUES (82, 'Breezy Point', 'QN10', NULL, 1);
INSERT INTO public.places (place_id, place_name, geocode, place_alias, market_id) VALUES (83, 'Belle Harbor', 'QN10', NULL, 1);
INSERT INTO public.places (place_id, place_name, geocode, place_alias, market_id) VALUES (84, 'Rockaway Park', 'QN10', NULL, 1);
INSERT INTO public.places (place_id, place_name, geocode, place_alias, market_id) VALUES (85, 'Broad Channel', 'QN10', NULL, 1);
INSERT INTO public.places (place_id, place_name, geocode, place_alias, market_id) VALUES (86, 'Hammels', 'QN12', NULL, 1);
INSERT INTO public.places (place_id, place_name, geocode, place_alias, market_id) VALUES (87, 'Arverne', 'QN12', NULL, 1);
INSERT INTO public.places (place_id, place_name, geocode, place_alias, market_id) VALUES (88, 'Edgemere', 'QN12', NULL, 1);
INSERT INTO public.places (place_id, place_name, geocode, place_alias, market_id) VALUES (89, 'Far Rockaway', 'QN15', NULL, 1);
INSERT INTO public.places (place_id, place_name, geocode, place_alias, market_id) VALUES (90, 'Bayswater', 'QN15', NULL, 1);
INSERT INTO public.places (place_id, place_name, geocode, place_alias, market_id) VALUES (91, 'Forest Hills', 'QN17', NULL, 1);
INSERT INTO public.places (place_id, place_name, geocode, place_alias, market_id) VALUES (92, 'Rego Park', 'QN18', NULL, 1);
INSERT INTO public.places (place_id, place_name, geocode, place_alias, market_id) VALUES (93, 'Glendale', 'QN19', NULL, 1);
INSERT INTO public.places (place_id, place_name, geocode, place_alias, market_id) VALUES (94, 'Ridgewood', 'QN20', NULL, 1);
INSERT INTO public.places (place_id, place_name, geocode, place_alias, market_id) VALUES (95, 'Middle Village', 'QN21', NULL, 1);
INSERT INTO public.places (place_id, place_name, geocode, place_alias, market_id) VALUES (96, 'Flushing', 'QN22', 'Flushing', 1);
INSERT INTO public.places (place_id, place_name, geocode, place_alias, market_id) VALUES (97, 'College Point', 'QN23', NULL, 1);
INSERT INTO public.places (place_id, place_name, geocode, place_alias, market_id) VALUES (98, 'Corona', 'QN25', 'Corona', 1);
INSERT INTO public.places (place_id, place_name, geocode, place_alias, market_id) VALUES (99, 'North Corona', 'QN26', 'Corona', 1);
INSERT INTO public.places (place_id, place_name, geocode, place_alias, market_id) VALUES (100, 'East Elmhurst', 'QN27', NULL, 1);
INSERT INTO public.places (place_id, place_name, geocode, place_alias, market_id) VALUES (101, 'Jackson Heights', 'QN28', NULL, 1);
INSERT INTO public.places (place_id, place_name, geocode, place_alias, market_id) VALUES (102, 'Elmhurst', 'QN29', NULL, 1);
INSERT INTO public.places (place_id, place_name, geocode, place_alias, market_id) VALUES (103, 'Maspeth', 'QN30', NULL, 1);
INSERT INTO public.places (place_id, place_name, geocode, place_alias, market_id) VALUES (104, 'Hunters Point', 'QN31', NULL, 1);
INSERT INTO public.places (place_id, place_name, geocode, place_alias, market_id) VALUES (105, 'Sunnyside', 'QN31', NULL, 1);
INSERT INTO public.places (place_id, place_name, geocode, place_alias, market_id) VALUES (106, 'West Maspeth', 'QN31', NULL, 1);
INSERT INTO public.places (place_id, place_name, geocode, place_alias, market_id) VALUES (107, 'Cambria Heights', 'QN33', NULL, 1);
INSERT INTO public.places (place_id, place_name, geocode, place_alias, market_id) VALUES (108, 'Queens Village', 'QN34', NULL, 1);
INSERT INTO public.places (place_id, place_name, geocode, place_alias, market_id) VALUES (109, 'Briarwood', 'QN35', NULL, 1);
INSERT INTO public.places (place_id, place_name, geocode, place_alias, market_id) VALUES (110, 'Jamaica Hills', 'QN35', NULL, 1);
INSERT INTO public.places (place_id, place_name, geocode, place_alias, market_id) VALUES (111, 'Kew Gardens Hills', 'QN37', NULL, 1);
INSERT INTO public.places (place_id, place_name, geocode, place_alias, market_id) VALUES (112, 'Pomonok', 'QN38', NULL, 1);
INSERT INTO public.places (place_id, place_name, geocode, place_alias, market_id) VALUES (113, 'Flushing Heights', 'QN38', NULL, 1);
INSERT INTO public.places (place_id, place_name, geocode, place_alias, market_id) VALUES (114, 'Hillcrest', 'QN38', NULL, 1);
INSERT INTO public.places (place_id, place_name, geocode, place_alias, market_id) VALUES (115, 'Fresh Meadows', 'QN41', NULL, 1);
INSERT INTO public.places (place_id, place_name, geocode, place_alias, market_id) VALUES (116, 'Utopia', 'QN41', NULL, 1);
INSERT INTO public.places (place_id, place_name, geocode, place_alias, market_id) VALUES (117, 'Oakland Gardens', 'QN42', NULL, 1);
INSERT INTO public.places (place_id, place_name, geocode, place_alias, market_id) VALUES (118, 'Bellerose', 'QN43', NULL, 1);
INSERT INTO public.places (place_id, place_name, geocode, place_alias, market_id) VALUES (119, 'Glen Oaks', 'QN44', NULL, 1);
INSERT INTO public.places (place_id, place_name, geocode, place_alias, market_id) VALUES (120, 'Floral Park', 'QN44', NULL, 1);
INSERT INTO public.places (place_id, place_name, geocode, place_alias, market_id) VALUES (121, 'New Hyde Park', 'QN44', NULL, 1);
INSERT INTO public.places (place_id, place_name, geocode, place_alias, market_id) VALUES (122, 'Douglas Manor', 'QN45', NULL, 1);
INSERT INTO public.places (place_id, place_name, geocode, place_alias, market_id) VALUES (123, 'Douglaston', 'QN45', NULL, 1);
INSERT INTO public.places (place_id, place_name, geocode, place_alias, market_id) VALUES (124, 'Little Neck', 'QN45', NULL, 1);
INSERT INTO public.places (place_id, place_name, geocode, place_alias, market_id) VALUES (125, 'Bayside', 'QN46', NULL, 1);
INSERT INTO public.places (place_id, place_name, geocode, place_alias, market_id) VALUES (126, 'Bayside Hills', 'QN46', NULL, 1);
INSERT INTO public.places (place_id, place_name, geocode, place_alias, market_id) VALUES (127, 'Ft. Totten', 'QN47', NULL, 1);
INSERT INTO public.places (place_id, place_name, geocode, place_alias, market_id) VALUES (128, 'Bay Terrace', 'QN47', NULL, 1);
INSERT INTO public.places (place_id, place_name, geocode, place_alias, market_id) VALUES (129, 'Clearview', 'QN47', NULL, 1);
INSERT INTO public.places (place_id, place_name, geocode, place_alias, market_id) VALUES (130, 'Auburndale', 'QN48', NULL, 1);
INSERT INTO public.places (place_id, place_name, geocode, place_alias, market_id) VALUES (131, 'Whitestone', 'QN49', NULL, 1);
INSERT INTO public.places (place_id, place_name, geocode, place_alias, market_id) VALUES (132, 'East Flushing', 'QN52', 'Flushing', 1);
INSERT INTO public.places (place_id, place_name, geocode, place_alias, market_id) VALUES (133, 'Woodhaven', 'QN53', NULL, 1);
INSERT INTO public.places (place_id, place_name, geocode, place_alias, market_id) VALUES (134, 'Richmond Hill', 'QN54', NULL, 1);
INSERT INTO public.places (place_id, place_name, geocode, place_alias, market_id) VALUES (135, 'South Ozone Park', 'QN55', 'Ozone Park', 1);
INSERT INTO public.places (place_id, place_name, geocode, place_alias, market_id) VALUES (136, 'Ozone Park', 'QN56', 'Ozone Park', 1);
INSERT INTO public.places (place_id, place_name, geocode, place_alias, market_id) VALUES (137, 'Lindenwood', 'QN57', NULL, 1);
INSERT INTO public.places (place_id, place_name, geocode, place_alias, market_id) VALUES (138, 'Howard Beach', 'QN57', NULL, 1);
INSERT INTO public.places (place_id, place_name, geocode, place_alias, market_id) VALUES (139, 'Kew Gardens', 'QN60', NULL, 1);
INSERT INTO public.places (place_id, place_name, geocode, place_alias, market_id) VALUES (140, 'Jamaica', 'QN61', NULL, 1);
INSERT INTO public.places (place_id, place_name, geocode, place_alias, market_id) VALUES (141, 'Queensboro Hill', 'QN62', 'Flushing', 1);
INSERT INTO public.places (place_id, place_name, geocode, place_alias, market_id) VALUES (142, 'Woodside', 'QN63', NULL, 1);
INSERT INTO public.places (place_id, place_name, geocode, place_alias, market_id) VALUES (143, 'Laurelton', 'QN66', NULL, 1);
INSERT INTO public.places (place_id, place_name, geocode, place_alias, market_id) VALUES (144, 'Queensbridge', 'QN68', NULL, 1);
INSERT INTO public.places (place_id, place_name, geocode, place_alias, market_id) VALUES (145, 'Ravenswood', 'QN68', NULL, 1);
INSERT INTO public.places (place_id, place_name, geocode, place_alias, market_id) VALUES (146, 'Long Island City', 'QN68', NULL, 1);
INSERT INTO public.places (place_id, place_name, geocode, place_alias, market_id) VALUES (147, 'Astoria', 'QN70', 'Astoria', 1);
INSERT INTO public.places (place_id, place_name, geocode, place_alias, market_id) VALUES (148, 'Old Astoria', 'QN71', 'Astoria', 1);
INSERT INTO public.places (place_id, place_name, geocode, place_alias, market_id) VALUES (149, 'Steinway', 'QN72', 'Astoria', 1);
INSERT INTO public.places (place_id, place_name, geocode, place_alias, market_id) VALUES (150, 'Claremont', 'BX01', NULL, 1);
INSERT INTO public.places (place_id, place_name, geocode, place_alias, market_id) VALUES (151, 'Bathgate', 'BX01', NULL, 1);
INSERT INTO public.places (place_id, place_name, geocode, place_alias, market_id) VALUES (152, 'Eastchester', 'BX03', NULL, 1);
INSERT INTO public.places (place_id, place_name, geocode, place_alias, market_id) VALUES (153, 'Edenwald', 'BX03', NULL, 1);
INSERT INTO public.places (place_id, place_name, geocode, place_alias, market_id) VALUES (154, 'Baychester', 'BX03', NULL, 1);
INSERT INTO public.places (place_id, place_name, geocode, place_alias, market_id) VALUES (155, 'Bedford Park', 'BX05', NULL, 1);
INSERT INTO public.places (place_id, place_name, geocode, place_alias, market_id) VALUES (156, 'Fordham North', 'BX05', NULL, 1);
INSERT INTO public.places (place_id, place_name, geocode, place_alias, market_id) VALUES (157, 'Belmont', 'BX06', NULL, 1);
INSERT INTO public.places (place_id, place_name, geocode, place_alias, market_id) VALUES (158, 'Bronxdale', 'BX07', NULL, 1);
INSERT INTO public.places (place_id, place_name, geocode, place_alias, market_id) VALUES (159, 'West Farms', 'BX08', NULL, 1);
INSERT INTO public.places (place_id, place_name, geocode, place_alias, market_id) VALUES (160, 'Bronx River', 'BX08', NULL, 1);
INSERT INTO public.places (place_id, place_name, geocode, place_alias, market_id) VALUES (161, 'Soundview', 'BX09', NULL, 1);
INSERT INTO public.places (place_id, place_name, geocode, place_alias, market_id) VALUES (162, 'Castle Hill', 'BX09', NULL, 1);
INSERT INTO public.places (place_id, place_name, geocode, place_alias, market_id) VALUES (163, 'Clason Point', 'BX09', NULL, 1);
INSERT INTO public.places (place_id, place_name, geocode, place_alias, market_id) VALUES (164, 'Harding Park', 'BX09', NULL, 1);
INSERT INTO public.places (place_id, place_name, geocode, place_alias, market_id) VALUES (165, 'Pelham Bay', 'BX10', NULL, 1);
INSERT INTO public.places (place_id, place_name, geocode, place_alias, market_id) VALUES (166, 'Country Club', 'BX10', NULL, 1);
INSERT INTO public.places (place_id, place_name, geocode, place_alias, market_id) VALUES (167, 'City Island', 'BX10', NULL, 1);
INSERT INTO public.places (place_id, place_name, geocode, place_alias, market_id) VALUES (168, 'Co-Op City', 'BX13', NULL, 1);
INSERT INTO public.places (place_id, place_name, geocode, place_alias, market_id) VALUES (169, 'East Concourse', 'BX14', NULL, 1);
INSERT INTO public.places (place_id, place_name, geocode, place_alias, market_id) VALUES (170, 'Concourse Village', 'BX14', NULL, 1);
INSERT INTO public.places (place_id, place_name, geocode, place_alias, market_id) VALUES (171, 'East Tremont', 'BX17', NULL, 1);
INSERT INTO public.places (place_id, place_name, geocode, place_alias, market_id) VALUES (172, 'North Riverdale', 'BX22', NULL, 1);
INSERT INTO public.places (place_id, place_name, geocode, place_alias, market_id) VALUES (173, 'Fieldston', 'BX22', NULL, 1);
INSERT INTO public.places (place_id, place_name, geocode, place_alias, market_id) VALUES (174, 'Riverdale', 'BX22', NULL, 1);
INSERT INTO public.places (place_id, place_name, geocode, place_alias, market_id) VALUES (175, 'Highbridge', 'BX26', NULL, 1);
INSERT INTO public.places (place_id, place_name, geocode, place_alias, market_id) VALUES (176, 'Hunts Point', 'BX27', NULL, 1);
INSERT INTO public.places (place_id, place_name, geocode, place_alias, market_id) VALUES (177, 'Van Cortlandt Village', 'BX28', NULL, 1);
INSERT INTO public.places (place_id, place_name, geocode, place_alias, market_id) VALUES (178, 'Spuyten Duyvil', 'BX29', 'Kingsbridge', 1);
INSERT INTO public.places (place_id, place_name, geocode, place_alias, market_id) VALUES (179, 'Kingsbridge', 'BX29', 'Kingsbridge', 1);
INSERT INTO public.places (place_id, place_name, geocode, place_alias, market_id) VALUES (180, 'Kingsbridge Heights', 'BX30', 'Kingsbridge', 1);
INSERT INTO public.places (place_id, place_name, geocode, place_alias, market_id) VALUES (181, 'Allerton', 'BX31', NULL, 1);
INSERT INTO public.places (place_id, place_name, geocode, place_alias, market_id) VALUES (182, 'Pelham Gardens', 'BX31', NULL, 1);
INSERT INTO public.places (place_id, place_name, geocode, place_alias, market_id) VALUES (183, 'Longwood', 'BX33', NULL, 1);
INSERT INTO public.places (place_id, place_name, geocode, place_alias, market_id) VALUES (184, 'Morrisania', 'BX35', NULL, 1);
INSERT INTO public.places (place_id, place_name, geocode, place_alias, market_id) VALUES (185, 'Melrose', 'BX35', NULL, 1);
INSERT INTO public.places (place_id, place_name, geocode, place_alias, market_id) VALUES (186, 'University Heights', 'BX36', NULL, 1);
INSERT INTO public.places (place_id, place_name, geocode, place_alias, market_id) VALUES (187, 'Morris Heights', 'BX36', NULL, 1);
INSERT INTO public.places (place_id, place_name, geocode, place_alias, market_id) VALUES (188, 'Van Nest', 'BX37', NULL, 1);
INSERT INTO public.places (place_id, place_name, geocode, place_alias, market_id) VALUES (189, 'Morris Park', 'BX37', NULL, 1);
INSERT INTO public.places (place_id, place_name, geocode, place_alias, market_id) VALUES (190, 'Westchester Square', 'BX37', NULL, 1);
INSERT INTO public.places (place_id, place_name, geocode, place_alias, market_id) VALUES (191, 'Mott Haven', 'BX39', NULL, 1);
INSERT INTO public.places (place_id, place_name, geocode, place_alias, market_id) VALUES (192, 'Port Morris', 'BX39', NULL, 1);
INSERT INTO public.places (place_id, place_name, geocode, place_alias, market_id) VALUES (193, 'Fordham South', 'BX40', NULL, 1);
INSERT INTO public.places (place_id, place_name, geocode, place_alias, market_id) VALUES (194, 'Mount Hope', 'BX41', NULL, 1);
INSERT INTO public.places (place_id, place_name, geocode, place_alias, market_id) VALUES (195, 'Norwood', 'BX43', NULL, 1);
INSERT INTO public.places (place_id, place_name, geocode, place_alias, market_id) VALUES (196, 'Williamsbridge', 'BX44', NULL, 1);
INSERT INTO public.places (place_id, place_name, geocode, place_alias, market_id) VALUES (197, 'Olinville', 'BX44', NULL, 1);
INSERT INTO public.places (place_id, place_name, geocode, place_alias, market_id) VALUES (198, 'Parkchester', 'BX46', NULL, 1);
INSERT INTO public.places (place_id, place_name, geocode, place_alias, market_id) VALUES (199, 'Pelham Parkway', 'BX49', NULL, 1);
INSERT INTO public.places (place_id, place_name, geocode, place_alias, market_id) VALUES (200, 'Schuylerville', 'BX52', NULL, 1);
INSERT INTO public.places (place_id, place_name, geocode, place_alias, market_id) VALUES (201, 'Throgs Neck', 'BX52', NULL, 1);
INSERT INTO public.places (place_id, place_name, geocode, place_alias, market_id) VALUES (202, 'Edgewater Park', 'BX52', NULL, 1);
INSERT INTO public.places (place_id, place_name, geocode, place_alias, market_id) VALUES (203, 'Soundview', 'BX55', NULL, 1);
INSERT INTO public.places (place_id, place_name, geocode, place_alias, market_id) VALUES (204, 'Bruckner', 'BX55', NULL, 1);
INSERT INTO public.places (place_id, place_name, geocode, place_alias, market_id) VALUES (205, 'Woodlawn', 'BX62', NULL, 1);
INSERT INTO public.places (place_id, place_name, geocode, place_alias, market_id) VALUES (206, 'Wakefield', 'BX62', NULL, 1);
INSERT INTO public.places (place_id, place_name, geocode, place_alias, market_id) VALUES (207, 'Crotona Park East', 'BX75', NULL, 1);
INSERT INTO public.places (place_id, place_name, geocode, place_alias, market_id) VALUES (208, 'Rikers Island', 'BX98', NULL, 1);
INSERT INTO public.places (place_id, place_name, geocode, place_alias, market_id) VALUES (209, 'Marble Hill', 'MN01', NULL, 1);
INSERT INTO public.places (place_id, place_name, geocode, place_alias, market_id) VALUES (210, 'Inwood', 'MN01', NULL, 1);
INSERT INTO public.places (place_id, place_name, geocode, place_alias, market_id) VALUES (211, 'Central Harlem North', 'MN03', 'Central Harlem', 1);
INSERT INTO public.places (place_id, place_name, geocode, place_alias, market_id) VALUES (212, 'Polo Grounds', 'MN03', 'Central Harlem', 1);
INSERT INTO public.places (place_id, place_name, geocode, place_alias, market_id) VALUES (213, 'Hamilton Heights', 'MN04', NULL, 1);
INSERT INTO public.places (place_id, place_name, geocode, place_alias, market_id) VALUES (214, 'Manhattanville', 'MN06', NULL, 1);
INSERT INTO public.places (place_id, place_name, geocode, place_alias, market_id) VALUES (215, 'Morningside Heights', 'MN09', NULL, 1);
INSERT INTO public.places (place_id, place_name, geocode, place_alias, market_id) VALUES (216, 'Central Harlem South', 'MN11', 'Central Harlem', 1);
INSERT INTO public.places (place_id, place_name, geocode, place_alias, market_id) VALUES (217, 'Upper West Side', 'MN12', NULL, 1);
INSERT INTO public.places (place_id, place_name, geocode, place_alias, market_id) VALUES (218, 'Hudson Yards', 'MN13', NULL, 1);
INSERT INTO public.places (place_id, place_name, geocode, place_alias, market_id) VALUES (219, 'Chelsea', 'MN13', NULL, 1);
INSERT INTO public.places (place_id, place_name, geocode, place_alias, market_id) VALUES (220, 'Flat Iron', 'MN13', NULL, 1);
INSERT INTO public.places (place_id, place_name, geocode, place_alias, market_id) VALUES (221, 'Union Square', 'MN13', NULL, 1);
INSERT INTO public.places (place_id, place_name, geocode, place_alias, market_id) VALUES (222, 'Lincoln Square', 'MN14', NULL, 1);
INSERT INTO public.places (place_id, place_name, geocode, place_alias, market_id) VALUES (223, 'Clinton', 'MN15', NULL, 1);
INSERT INTO public.places (place_id, place_name, geocode, place_alias, market_id) VALUES (224, 'Midtown', 'MN17', NULL, 1);
INSERT INTO public.places (place_id, place_name, geocode, place_alias, market_id) VALUES (225, 'Midtown South', 'MN17', NULL, 1);
INSERT INTO public.places (place_id, place_name, geocode, place_alias, market_id) VALUES (226, 'Turtle Bay', 'MN19', NULL, 1);
INSERT INTO public.places (place_id, place_name, geocode, place_alias, market_id) VALUES (227, 'East Midtown', 'MN19', NULL, 1);
INSERT INTO public.places (place_id, place_name, geocode, place_alias, market_id) VALUES (228, 'Murray Hill', 'MN20', NULL, 1);
INSERT INTO public.places (place_id, place_name, geocode, place_alias, market_id) VALUES (229, 'Kips Bay', 'MN20', NULL, 1);
INSERT INTO public.places (place_id, place_name, geocode, place_alias, market_id) VALUES (230, 'Gramercy', 'MN21', NULL, 1);
INSERT INTO public.places (place_id, place_name, geocode, place_alias, market_id) VALUES (231, 'East Village', 'MN22', NULL, 1);
INSERT INTO public.places (place_id, place_name, geocode, place_alias, market_id) VALUES (232, 'West Village', 'MN23', NULL, 1);
INSERT INTO public.places (place_id, place_name, geocode, place_alias, market_id) VALUES (233, 'SoHo', 'MN24', NULL, 1);
INSERT INTO public.places (place_id, place_name, geocode, place_alias, market_id) VALUES (234, 'TriBeCa', 'MN24', NULL, 1);
INSERT INTO public.places (place_id, place_name, geocode, place_alias, market_id) VALUES (235, 'Civic Center', 'MN24', NULL, 1);
INSERT INTO public.places (place_id, place_name, geocode, place_alias, market_id) VALUES (236, 'Little Italy', 'MN24', NULL, 1);
INSERT INTO public.places (place_id, place_name, geocode, place_alias, market_id) VALUES (237, 'Battery Park City', 'MN25', NULL, 1);
INSERT INTO public.places (place_id, place_name, geocode, place_alias, market_id) VALUES (238, 'Lower Manhattan', 'MN25', NULL, 1);
INSERT INTO public.places (place_id, place_name, geocode, place_alias, market_id) VALUES (239, 'Chinatown', 'MN27', NULL, 1);
INSERT INTO public.places (place_id, place_name, geocode, place_alias, market_id) VALUES (240, 'Lower East Side', 'MN28', NULL, 1);
INSERT INTO public.places (place_id, place_name, geocode, place_alias, market_id) VALUES (241, 'Lenox Hill', 'MN31', NULL, 1);
INSERT INTO public.places (place_id, place_name, geocode, place_alias, market_id) VALUES (242, 'Roosevelt Island', 'MN31', NULL, 1);
INSERT INTO public.places (place_id, place_name, geocode, place_alias, market_id) VALUES (243, 'Yorkville', 'MN32', NULL, 1);
INSERT INTO public.places (place_id, place_name, geocode, place_alias, market_id) VALUES (244, 'East Harlem South', 'MN33', 'East Harlem', 1);
INSERT INTO public.places (place_id, place_name, geocode, place_alias, market_id) VALUES (245, 'East Harlem North', 'MN34', 'East Harlem', 1);
INSERT INTO public.places (place_id, place_name, geocode, place_alias, market_id) VALUES (246, 'Washington Heights North', 'MN35', 'Washington Heights', 1);
INSERT INTO public.places (place_id, place_name, geocode, place_alias, market_id) VALUES (247, 'Washington Heights South', 'MN36', 'Washington Heights', 1);
INSERT INTO public.places (place_id, place_name, geocode, place_alias, market_id) VALUES (248, 'Upper East Side', 'MN40', NULL, 1);
INSERT INTO public.places (place_id, place_name, geocode, place_alias, market_id) VALUES (249, 'Carnegie Hill', 'MN40', NULL, 1);
INSERT INTO public.places (place_id, place_name, geocode, place_alias, market_id) VALUES (250, 'Stuyvesant Town', 'MN50', NULL, 1);
INSERT INTO public.places (place_id, place_name, geocode, place_alias, market_id) VALUES (251, 'Cooper Village', 'MN50', NULL, 1);
INSERT INTO public.places (place_id, place_name, geocode, place_alias, market_id) VALUES (252, 'Annadale', 'SI01', NULL, 1);
INSERT INTO public.places (place_id, place_name, geocode, place_alias, market_id) VALUES (253, 'Huguenot', 'SI01', NULL, 1);
INSERT INTO public.places (place_id, place_name, geocode, place_alias, market_id) VALUES (254, 'Prince''s Bay', 'SI01', NULL, 1);
INSERT INTO public.places (place_id, place_name, geocode, place_alias, market_id) VALUES (255, 'Eltingville', 'SI01', NULL, 1);
INSERT INTO public.places (place_id, place_name, geocode, place_alias, market_id) VALUES (256, 'New Springville', 'SI05', NULL, 1);
INSERT INTO public.places (place_id, place_name, geocode, place_alias, market_id) VALUES (257, 'Bloomfield', 'SI05', NULL, 1);
INSERT INTO public.places (place_id, place_name, geocode, place_alias, market_id) VALUES (258, 'Travis', 'SI05', NULL, 1);
INSERT INTO public.places (place_id, place_name, geocode, place_alias, market_id) VALUES (259, 'Westerleigh', 'SI07', NULL, 1);
INSERT INTO public.places (place_id, place_name, geocode, place_alias, market_id) VALUES (260, 'Grymes Hill', 'SI08', NULL, 1);
INSERT INTO public.places (place_id, place_name, geocode, place_alias, market_id) VALUES (261, 'Clifton', 'SI08', NULL, 1);
INSERT INTO public.places (place_id, place_name, geocode, place_alias, market_id) VALUES (262, 'Fox Hills', 'SI08', NULL, 1);
INSERT INTO public.places (place_id, place_name, geocode, place_alias, market_id) VALUES (263, 'Charleston', 'SI11', NULL, 1);
INSERT INTO public.places (place_id, place_name, geocode, place_alias, market_id) VALUES (264, 'Richmond Valley', 'SI11', NULL, 1);
INSERT INTO public.places (place_id, place_name, geocode, place_alias, market_id) VALUES (265, 'Tottenville', 'SI11', NULL, 1);
INSERT INTO public.places (place_id, place_name, geocode, place_alias, market_id) VALUES (266, 'Mariner''s Harbor', 'SI12', NULL, 1);
INSERT INTO public.places (place_id, place_name, geocode, place_alias, market_id) VALUES (267, 'Arlington', 'SI12', NULL, 1);
INSERT INTO public.places (place_id, place_name, geocode, place_alias, market_id) VALUES (268, 'Port Ivory', 'SI12', NULL, 1);
INSERT INTO public.places (place_id, place_name, geocode, place_alias, market_id) VALUES (269, 'Graniteville', 'SI12', NULL, 1);
INSERT INTO public.places (place_id, place_name, geocode, place_alias, market_id) VALUES (270, 'Grasmere', 'SI14', NULL, 1);
INSERT INTO public.places (place_id, place_name, geocode, place_alias, market_id) VALUES (271, 'Arrochar', 'SI14', NULL, 1);
INSERT INTO public.places (place_id, place_name, geocode, place_alias, market_id) VALUES (272, 'Ft. Wadsworth', 'SI14', NULL, 1);
INSERT INTO public.places (place_id, place_name, geocode, place_alias, market_id) VALUES (273, 'West New Brighton', 'SI22', NULL, 1);
INSERT INTO public.places (place_id, place_name, geocode, place_alias, market_id) VALUES (274, 'New Brighton', 'SI22', NULL, 1);
INSERT INTO public.places (place_id, place_name, geocode, place_alias, market_id) VALUES (275, 'St. George', 'SI22', NULL, 1);
INSERT INTO public.places (place_id, place_name, geocode, place_alias, market_id) VALUES (276, 'Todt Hill', 'SI24', NULL, 1);
INSERT INTO public.places (place_id, place_name, geocode, place_alias, market_id) VALUES (277, 'Emerson Hill', 'SI24', NULL, 1);
INSERT INTO public.places (place_id, place_name, geocode, place_alias, market_id) VALUES (278, 'Heartland Village', 'SI24', NULL, 1);
INSERT INTO public.places (place_id, place_name, geocode, place_alias, market_id) VALUES (279, 'Lighthouse Hill', 'SI24', NULL, 1);
INSERT INTO public.places (place_id, place_name, geocode, place_alias, market_id) VALUES (280, 'Oakwood', 'SI25', NULL, 1);
INSERT INTO public.places (place_id, place_name, geocode, place_alias, market_id) VALUES (281, 'Port Richmond', 'SI28', NULL, 1);
INSERT INTO public.places (place_id, place_name, geocode, place_alias, market_id) VALUES (282, 'Rossville', 'SI32', NULL, 1);
INSERT INTO public.places (place_id, place_name, geocode, place_alias, market_id) VALUES (283, 'Woodrow', 'SI32', NULL, 1);
INSERT INTO public.places (place_id, place_name, geocode, place_alias, market_id) VALUES (284, 'New Brighton', 'SI35', NULL, 1);
INSERT INTO public.places (place_id, place_name, geocode, place_alias, market_id) VALUES (285, 'Silver Lake', 'SI35', NULL, 1);
INSERT INTO public.places (place_id, place_name, geocode, place_alias, market_id) VALUES (286, 'Old Town', 'SI36', NULL, 1);
INSERT INTO public.places (place_id, place_name, geocode, place_alias, market_id) VALUES (287, 'Dongan Hills', 'SI36', NULL, 1);
INSERT INTO public.places (place_id, place_name, geocode, place_alias, market_id) VALUES (288, 'South Beach', 'SI36', NULL, 1);
INSERT INTO public.places (place_id, place_name, geocode, place_alias, market_id) VALUES (289, 'Stapleton', 'SI37', NULL, 1);
INSERT INTO public.places (place_id, place_name, geocode, place_alias, market_id) VALUES (290, 'Rosebank', 'SI37', NULL, 1);
INSERT INTO public.places (place_id, place_name, geocode, place_alias, market_id) VALUES (291, 'New Dorp', 'SI45', NULL, 1);
INSERT INTO public.places (place_id, place_name, geocode, place_alias, market_id) VALUES (292, 'Midland Beach', 'SI45', NULL, 1);
INSERT INTO public.places (place_id, place_name, geocode, place_alias, market_id) VALUES (293, 'Arden Heights', 'SI48', NULL, 1);
INSERT INTO public.places (place_id, place_name, geocode, place_alias, market_id) VALUES (294, 'Great Kills', 'SI54', NULL, 1);
INSERT INTO public.places (place_id, place_name, geocode, place_alias, market_id) VALUES (295, 'Midwood', 'alias', NULL, 1);
INSERT INTO public.places (place_id, place_name, geocode, place_alias, market_id) VALUES (296, 'Bedford-Stuyvesant', 'alias', NULL, 1);
INSERT INTO public.places (place_id, place_name, geocode, place_alias, market_id) VALUES (297, 'Williamsburg', 'alias', NULL, 1);
INSERT INTO public.places (place_id, place_name, geocode, place_alias, market_id) VALUES (298, 'East Harlem', 'alias', NULL, 1);
INSERT INTO public.places (place_id, place_name, geocode, place_alias, market_id) VALUES (299, 'Flatbush', 'alias', NULL, 1);
INSERT INTO public.places (place_id, place_name, geocode, place_alias, market_id) VALUES (300, 'Harlem', 'alias', NULL, 1);
INSERT INTO public.places (place_id, place_name, geocode, place_alias, market_id) VALUES (301, 'Kingsbridge', 'alias', NULL, 1);
INSERT INTO public.places (place_id, place_name, geocode, place_alias, market_id) VALUES (302, 'Bushwick', 'alias', NULL, 1);
INSERT INTO public.places (place_id, place_name, geocode, place_alias, market_id) VALUES (303, 'Astoria', 'alias', NULL, 1);
INSERT INTO public.places (place_id, place_name, geocode, place_alias, market_id) VALUES (304, 'Central Harlem', 'alias', NULL, 1);
INSERT INTO public.places (place_id, place_name, geocode, place_alias, market_id) VALUES (305, 'Sunset Park', 'alias', NULL, 1);
INSERT INTO public.places (place_id, place_name, geocode, place_alias, market_id) VALUES (306, 'Crown Heights', 'alias', NULL, 1);
INSERT INTO public.places (place_id, place_name, geocode, place_alias, market_id) VALUES (307, 'Flushing', 'alias', NULL, 1);
INSERT INTO public.places (place_id, place_name, geocode, place_alias, market_id) VALUES (308, 'Ozone Park', 'alias', NULL, 1);
INSERT INTO public.places (place_id, place_name, geocode, place_alias, market_id) VALUES (309, 'Bensonhurst', 'alias', NULL, 1);
INSERT INTO public.places (place_id, place_name, geocode, place_alias, market_id) VALUES (310, 'Springfield Gardens', 'alias', NULL, 1);
INSERT INTO public.places (place_id, place_name, geocode, place_alias, market_id) VALUES (311, 'East New York', 'alias', NULL, 1);
INSERT INTO public.places (place_id, place_name, geocode, place_alias, market_id) VALUES (312, 'Corona', 'alias', NULL, 1);
INSERT INTO public.places (place_id, place_name, geocode, place_alias, market_id) VALUES (313, 'Washington Heights', 'alias', NULL, 1);


--
-- Data for Name: region_relations; Type: TABLE DATA; Schema: public; Owner: -
--

INSERT INTO public.region_relations (place_id, subplace_id) VALUES (1, 6);
INSERT INTO public.region_relations (place_id, subplace_id) VALUES (1, 7);
INSERT INTO public.region_relations (place_id, subplace_id) VALUES (1, 8);
INSERT INTO public.region_relations (place_id, subplace_id) VALUES (1, 9);
INSERT INTO public.region_relations (place_id, subplace_id) VALUES (1, 10);
INSERT INTO public.region_relations (place_id, subplace_id) VALUES (1, 11);
INSERT INTO public.region_relations (place_id, subplace_id) VALUES (1, 12);
INSERT INTO public.region_relations (place_id, subplace_id) VALUES (1, 13);
INSERT INTO public.region_relations (place_id, subplace_id) VALUES (1, 14);
INSERT INTO public.region_relations (place_id, subplace_id) VALUES (1, 15);
INSERT INTO public.region_relations (place_id, subplace_id) VALUES (1, 16);
INSERT INTO public.region_relations (place_id, subplace_id) VALUES (1, 17);
INSERT INTO public.region_relations (place_id, subplace_id) VALUES (1, 18);
INSERT INTO public.region_relations (place_id, subplace_id) VALUES (1, 19);
INSERT INTO public.region_relations (place_id, subplace_id) VALUES (1, 20);
INSERT INTO public.region_relations (place_id, subplace_id) VALUES (1, 21);
INSERT INTO public.region_relations (place_id, subplace_id) VALUES (1, 22);
INSERT INTO public.region_relations (place_id, subplace_id) VALUES (1, 23);
INSERT INTO public.region_relations (place_id, subplace_id) VALUES (1, 24);
INSERT INTO public.region_relations (place_id, subplace_id) VALUES (1, 25);
INSERT INTO public.region_relations (place_id, subplace_id) VALUES (1, 26);
INSERT INTO public.region_relations (place_id, subplace_id) VALUES (1, 27);
INSERT INTO public.region_relations (place_id, subplace_id) VALUES (1, 28);
INSERT INTO public.region_relations (place_id, subplace_id) VALUES (1, 29);
INSERT INTO public.region_relations (place_id, subplace_id) VALUES (1, 30);
INSERT INTO public.region_relations (place_id, subplace_id) VALUES (1, 31);
INSERT INTO public.region_relations (place_id, subplace_id) VALUES (1, 32);
INSERT INTO public.region_relations (place_id, subplace_id) VALUES (1, 33);
INSERT INTO public.region_relations (place_id, subplace_id) VALUES (1, 34);
INSERT INTO public.region_relations (place_id, subplace_id) VALUES (1, 35);
INSERT INTO public.region_relations (place_id, subplace_id) VALUES (1, 36);
INSERT INTO public.region_relations (place_id, subplace_id) VALUES (1, 37);
INSERT INTO public.region_relations (place_id, subplace_id) VALUES (1, 38);
INSERT INTO public.region_relations (place_id, subplace_id) VALUES (1, 39);
INSERT INTO public.region_relations (place_id, subplace_id) VALUES (1, 40);
INSERT INTO public.region_relations (place_id, subplace_id) VALUES (1, 41);
INSERT INTO public.region_relations (place_id, subplace_id) VALUES (1, 42);
INSERT INTO public.region_relations (place_id, subplace_id) VALUES (1, 43);
INSERT INTO public.region_relations (place_id, subplace_id) VALUES (1, 44);
INSERT INTO public.region_relations (place_id, subplace_id) VALUES (1, 45);
INSERT INTO public.region_relations (place_id, subplace_id) VALUES (1, 46);
INSERT INTO public.region_relations (place_id, subplace_id) VALUES (1, 47);
INSERT INTO public.region_relations (place_id, subplace_id) VALUES (1, 48);
INSERT INTO public.region_relations (place_id, subplace_id) VALUES (1, 49);
INSERT INTO public.region_relations (place_id, subplace_id) VALUES (1, 50);
INSERT INTO public.region_relations (place_id, subplace_id) VALUES (1, 51);
INSERT INTO public.region_relations (place_id, subplace_id) VALUES (1, 52);
INSERT INTO public.region_relations (place_id, subplace_id) VALUES (1, 53);
INSERT INTO public.region_relations (place_id, subplace_id) VALUES (1, 54);
INSERT INTO public.region_relations (place_id, subplace_id) VALUES (1, 55);
INSERT INTO public.region_relations (place_id, subplace_id) VALUES (1, 56);
INSERT INTO public.region_relations (place_id, subplace_id) VALUES (1, 57);
INSERT INTO public.region_relations (place_id, subplace_id) VALUES (1, 58);
INSERT INTO public.region_relations (place_id, subplace_id) VALUES (1, 59);
INSERT INTO public.region_relations (place_id, subplace_id) VALUES (1, 60);
INSERT INTO public.region_relations (place_id, subplace_id) VALUES (1, 61);
INSERT INTO public.region_relations (place_id, subplace_id) VALUES (1, 62);
INSERT INTO public.region_relations (place_id, subplace_id) VALUES (1, 63);
INSERT INTO public.region_relations (place_id, subplace_id) VALUES (1, 64);
INSERT INTO public.region_relations (place_id, subplace_id) VALUES (1, 65);
INSERT INTO public.region_relations (place_id, subplace_id) VALUES (1, 66);
INSERT INTO public.region_relations (place_id, subplace_id) VALUES (1, 67);
INSERT INTO public.region_relations (place_id, subplace_id) VALUES (1, 68);
INSERT INTO public.region_relations (place_id, subplace_id) VALUES (1, 69);
INSERT INTO public.region_relations (place_id, subplace_id) VALUES (1, 70);
INSERT INTO public.region_relations (place_id, subplace_id) VALUES (1, 71);
INSERT INTO public.region_relations (place_id, subplace_id) VALUES (1, 72);
INSERT INTO public.region_relations (place_id, subplace_id) VALUES (2, 73);
INSERT INTO public.region_relations (place_id, subplace_id) VALUES (2, 74);
INSERT INTO public.region_relations (place_id, subplace_id) VALUES (2, 75);
INSERT INTO public.region_relations (place_id, subplace_id) VALUES (2, 76);
INSERT INTO public.region_relations (place_id, subplace_id) VALUES (2, 77);
INSERT INTO public.region_relations (place_id, subplace_id) VALUES (2, 78);
INSERT INTO public.region_relations (place_id, subplace_id) VALUES (2, 79);
INSERT INTO public.region_relations (place_id, subplace_id) VALUES (2, 80);
INSERT INTO public.region_relations (place_id, subplace_id) VALUES (2, 81);
INSERT INTO public.region_relations (place_id, subplace_id) VALUES (2, 82);
INSERT INTO public.region_relations (place_id, subplace_id) VALUES (2, 83);
INSERT INTO public.region_relations (place_id, subplace_id) VALUES (2, 84);
INSERT INTO public.region_relations (place_id, subplace_id) VALUES (2, 85);
INSERT INTO public.region_relations (place_id, subplace_id) VALUES (2, 86);
INSERT INTO public.region_relations (place_id, subplace_id) VALUES (2, 87);
INSERT INTO public.region_relations (place_id, subplace_id) VALUES (2, 88);
INSERT INTO public.region_relations (place_id, subplace_id) VALUES (2, 89);
INSERT INTO public.region_relations (place_id, subplace_id) VALUES (2, 90);
INSERT INTO public.region_relations (place_id, subplace_id) VALUES (2, 91);
INSERT INTO public.region_relations (place_id, subplace_id) VALUES (2, 92);
INSERT INTO public.region_relations (place_id, subplace_id) VALUES (2, 93);
INSERT INTO public.region_relations (place_id, subplace_id) VALUES (2, 94);
INSERT INTO public.region_relations (place_id, subplace_id) VALUES (2, 95);
INSERT INTO public.region_relations (place_id, subplace_id) VALUES (2, 96);
INSERT INTO public.region_relations (place_id, subplace_id) VALUES (2, 97);
INSERT INTO public.region_relations (place_id, subplace_id) VALUES (2, 98);
INSERT INTO public.region_relations (place_id, subplace_id) VALUES (2, 99);
INSERT INTO public.region_relations (place_id, subplace_id) VALUES (2, 100);
INSERT INTO public.region_relations (place_id, subplace_id) VALUES (2, 101);
INSERT INTO public.region_relations (place_id, subplace_id) VALUES (2, 102);
INSERT INTO public.region_relations (place_id, subplace_id) VALUES (2, 103);
INSERT INTO public.region_relations (place_id, subplace_id) VALUES (2, 104);
INSERT INTO public.region_relations (place_id, subplace_id) VALUES (2, 105);
INSERT INTO public.region_relations (place_id, subplace_id) VALUES (2, 106);
INSERT INTO public.region_relations (place_id, subplace_id) VALUES (2, 107);
INSERT INTO public.region_relations (place_id, subplace_id) VALUES (2, 108);
INSERT INTO public.region_relations (place_id, subplace_id) VALUES (2, 109);
INSERT INTO public.region_relations (place_id, subplace_id) VALUES (2, 110);
INSERT INTO public.region_relations (place_id, subplace_id) VALUES (2, 111);
INSERT INTO public.region_relations (place_id, subplace_id) VALUES (2, 112);
INSERT INTO public.region_relations (place_id, subplace_id) VALUES (2, 113);
INSERT INTO public.region_relations (place_id, subplace_id) VALUES (2, 114);
INSERT INTO public.region_relations (place_id, subplace_id) VALUES (2, 115);
INSERT INTO public.region_relations (place_id, subplace_id) VALUES (2, 116);
INSERT INTO public.region_relations (place_id, subplace_id) VALUES (2, 117);
INSERT INTO public.region_relations (place_id, subplace_id) VALUES (2, 118);
INSERT INTO public.region_relations (place_id, subplace_id) VALUES (2, 119);
INSERT INTO public.region_relations (place_id, subplace_id) VALUES (2, 120);
INSERT INTO public.region_relations (place_id, subplace_id) VALUES (2, 121);
INSERT INTO public.region_relations (place_id, subplace_id) VALUES (2, 122);
INSERT INTO public.region_relations (place_id, subplace_id) VALUES (2, 123);
INSERT INTO public.region_relations (place_id, subplace_id) VALUES (2, 124);
INSERT INTO public.region_relations (place_id, subplace_id) VALUES (2, 125);
INSERT INTO public.region_relations (place_id, subplace_id) VALUES (2, 126);
INSERT INTO public.region_relations (place_id, subplace_id) VALUES (2, 127);
INSERT INTO public.region_relations (place_id, subplace_id) VALUES (2, 128);
INSERT INTO public.region_relations (place_id, subplace_id) VALUES (2, 129);
INSERT INTO public.region_relations (place_id, subplace_id) VALUES (2, 130);
INSERT INTO public.region_relations (place_id, subplace_id) VALUES (2, 131);
INSERT INTO public.region_relations (place_id, subplace_id) VALUES (2, 132);
INSERT INTO public.region_relations (place_id, subplace_id) VALUES (2, 133);
INSERT INTO public.region_relations (place_id, subplace_id) VALUES (2, 134);
INSERT INTO public.region_relations (place_id, subplace_id) VALUES (2, 135);
INSERT INTO public.region_relations (place_id, subplace_id) VALUES (2, 136);
INSERT INTO public.region_relations (place_id, subplace_id) VALUES (2, 137);
INSERT INTO public.region_relations (place_id, subplace_id) VALUES (2, 138);
INSERT INTO public.region_relations (place_id, subplace_id) VALUES (2, 139);
INSERT INTO public.region_relations (place_id, subplace_id) VALUES (2, 140);
INSERT INTO public.region_relations (place_id, subplace_id) VALUES (2, 141);
INSERT INTO public.region_relations (place_id, subplace_id) VALUES (2, 142);
INSERT INTO public.region_relations (place_id, subplace_id) VALUES (2, 143);
INSERT INTO public.region_relations (place_id, subplace_id) VALUES (2, 144);
INSERT INTO public.region_relations (place_id, subplace_id) VALUES (2, 145);
INSERT INTO public.region_relations (place_id, subplace_id) VALUES (2, 146);
INSERT INTO public.region_relations (place_id, subplace_id) VALUES (2, 147);
INSERT INTO public.region_relations (place_id, subplace_id) VALUES (2, 148);
INSERT INTO public.region_relations (place_id, subplace_id) VALUES (2, 149);
INSERT INTO public.region_relations (place_id, subplace_id) VALUES (3, 150);
INSERT INTO public.region_relations (place_id, subplace_id) VALUES (3, 151);
INSERT INTO public.region_relations (place_id, subplace_id) VALUES (3, 152);
INSERT INTO public.region_relations (place_id, subplace_id) VALUES (3, 153);
INSERT INTO public.region_relations (place_id, subplace_id) VALUES (3, 154);
INSERT INTO public.region_relations (place_id, subplace_id) VALUES (3, 155);
INSERT INTO public.region_relations (place_id, subplace_id) VALUES (3, 156);
INSERT INTO public.region_relations (place_id, subplace_id) VALUES (3, 157);
INSERT INTO public.region_relations (place_id, subplace_id) VALUES (3, 158);
INSERT INTO public.region_relations (place_id, subplace_id) VALUES (3, 159);
INSERT INTO public.region_relations (place_id, subplace_id) VALUES (3, 160);
INSERT INTO public.region_relations (place_id, subplace_id) VALUES (3, 161);
INSERT INTO public.region_relations (place_id, subplace_id) VALUES (3, 162);
INSERT INTO public.region_relations (place_id, subplace_id) VALUES (3, 163);
INSERT INTO public.region_relations (place_id, subplace_id) VALUES (3, 164);
INSERT INTO public.region_relations (place_id, subplace_id) VALUES (3, 165);
INSERT INTO public.region_relations (place_id, subplace_id) VALUES (3, 166);
INSERT INTO public.region_relations (place_id, subplace_id) VALUES (3, 167);
INSERT INTO public.region_relations (place_id, subplace_id) VALUES (3, 168);
INSERT INTO public.region_relations (place_id, subplace_id) VALUES (3, 169);
INSERT INTO public.region_relations (place_id, subplace_id) VALUES (3, 170);
INSERT INTO public.region_relations (place_id, subplace_id) VALUES (3, 171);
INSERT INTO public.region_relations (place_id, subplace_id) VALUES (3, 172);
INSERT INTO public.region_relations (place_id, subplace_id) VALUES (3, 173);
INSERT INTO public.region_relations (place_id, subplace_id) VALUES (3, 174);
INSERT INTO public.region_relations (place_id, subplace_id) VALUES (3, 175);
INSERT INTO public.region_relations (place_id, subplace_id) VALUES (3, 176);
INSERT INTO public.region_relations (place_id, subplace_id) VALUES (3, 177);
INSERT INTO public.region_relations (place_id, subplace_id) VALUES (3, 178);
INSERT INTO public.region_relations (place_id, subplace_id) VALUES (3, 179);
INSERT INTO public.region_relations (place_id, subplace_id) VALUES (3, 180);
INSERT INTO public.region_relations (place_id, subplace_id) VALUES (3, 181);
INSERT INTO public.region_relations (place_id, subplace_id) VALUES (3, 182);
INSERT INTO public.region_relations (place_id, subplace_id) VALUES (3, 183);
INSERT INTO public.region_relations (place_id, subplace_id) VALUES (3, 184);
INSERT INTO public.region_relations (place_id, subplace_id) VALUES (3, 185);
INSERT INTO public.region_relations (place_id, subplace_id) VALUES (3, 186);
INSERT INTO public.region_relations (place_id, subplace_id) VALUES (3, 187);
INSERT INTO public.region_relations (place_id, subplace_id) VALUES (3, 188);
INSERT INTO public.region_relations (place_id, subplace_id) VALUES (3, 189);
INSERT INTO public.region_relations (place_id, subplace_id) VALUES (3, 190);
INSERT INTO public.region_relations (place_id, subplace_id) VALUES (3, 191);
INSERT INTO public.region_relations (place_id, subplace_id) VALUES (3, 192);
INSERT INTO public.region_relations (place_id, subplace_id) VALUES (3, 193);
INSERT INTO public.region_relations (place_id, subplace_id) VALUES (3, 194);
INSERT INTO public.region_relations (place_id, subplace_id) VALUES (3, 195);
INSERT INTO public.region_relations (place_id, subplace_id) VALUES (3, 196);
INSERT INTO public.region_relations (place_id, subplace_id) VALUES (3, 197);
INSERT INTO public.region_relations (place_id, subplace_id) VALUES (3, 198);
INSERT INTO public.region_relations (place_id, subplace_id) VALUES (3, 199);
INSERT INTO public.region_relations (place_id, subplace_id) VALUES (3, 200);
INSERT INTO public.region_relations (place_id, subplace_id) VALUES (3, 201);
INSERT INTO public.region_relations (place_id, subplace_id) VALUES (3, 202);
INSERT INTO public.region_relations (place_id, subplace_id) VALUES (3, 203);
INSERT INTO public.region_relations (place_id, subplace_id) VALUES (3, 204);
INSERT INTO public.region_relations (place_id, subplace_id) VALUES (3, 205);
INSERT INTO public.region_relations (place_id, subplace_id) VALUES (3, 206);
INSERT INTO public.region_relations (place_id, subplace_id) VALUES (3, 207);
INSERT INTO public.region_relations (place_id, subplace_id) VALUES (3, 208);
INSERT INTO public.region_relations (place_id, subplace_id) VALUES (4, 209);
INSERT INTO public.region_relations (place_id, subplace_id) VALUES (4, 210);
INSERT INTO public.region_relations (place_id, subplace_id) VALUES (4, 211);
INSERT INTO public.region_relations (place_id, subplace_id) VALUES (4, 212);
INSERT INTO public.region_relations (place_id, subplace_id) VALUES (4, 213);
INSERT INTO public.region_relations (place_id, subplace_id) VALUES (4, 214);
INSERT INTO public.region_relations (place_id, subplace_id) VALUES (4, 215);
INSERT INTO public.region_relations (place_id, subplace_id) VALUES (4, 216);
INSERT INTO public.region_relations (place_id, subplace_id) VALUES (4, 217);
INSERT INTO public.region_relations (place_id, subplace_id) VALUES (4, 218);
INSERT INTO public.region_relations (place_id, subplace_id) VALUES (4, 219);
INSERT INTO public.region_relations (place_id, subplace_id) VALUES (4, 220);
INSERT INTO public.region_relations (place_id, subplace_id) VALUES (4, 221);
INSERT INTO public.region_relations (place_id, subplace_id) VALUES (4, 222);
INSERT INTO public.region_relations (place_id, subplace_id) VALUES (4, 223);
INSERT INTO public.region_relations (place_id, subplace_id) VALUES (4, 224);
INSERT INTO public.region_relations (place_id, subplace_id) VALUES (4, 225);
INSERT INTO public.region_relations (place_id, subplace_id) VALUES (4, 226);
INSERT INTO public.region_relations (place_id, subplace_id) VALUES (4, 227);
INSERT INTO public.region_relations (place_id, subplace_id) VALUES (4, 228);
INSERT INTO public.region_relations (place_id, subplace_id) VALUES (4, 229);
INSERT INTO public.region_relations (place_id, subplace_id) VALUES (4, 230);
INSERT INTO public.region_relations (place_id, subplace_id) VALUES (4, 231);
INSERT INTO public.region_relations (place_id, subplace_id) VALUES (4, 232);
INSERT INTO public.region_relations (place_id, subplace_id) VALUES (4, 233);
INSERT INTO public.region_relations (place_id, subplace_id) VALUES (4, 234);
INSERT INTO public.region_relations (place_id, subplace_id) VALUES (4, 235);
INSERT INTO public.region_relations (place_id, subplace_id) VALUES (4, 236);
INSERT INTO public.region_relations (place_id, subplace_id) VALUES (4, 237);
INSERT INTO public.region_relations (place_id, subplace_id) VALUES (4, 238);
INSERT INTO public.region_relations (place_id, subplace_id) VALUES (4, 239);
INSERT INTO public.region_relations (place_id, subplace_id) VALUES (4, 240);
INSERT INTO public.region_relations (place_id, subplace_id) VALUES (4, 241);
INSERT INTO public.region_relations (place_id, subplace_id) VALUES (4, 242);
INSERT INTO public.region_relations (place_id, subplace_id) VALUES (4, 243);
INSERT INTO public.region_relations (place_id, subplace_id) VALUES (4, 244);
INSERT INTO public.region_relations (place_id, subplace_id) VALUES (4, 245);
INSERT INTO public.region_relations (place_id, subplace_id) VALUES (4, 246);
INSERT INTO public.region_relations (place_id, subplace_id) VALUES (4, 247);
INSERT INTO public.region_relations (place_id, subplace_id) VALUES (4, 248);
INSERT INTO public.region_relations (place_id, subplace_id) VALUES (4, 249);
INSERT INTO public.region_relations (place_id, subplace_id) VALUES (4, 250);
INSERT INTO public.region_relations (place_id, subplace_id) VALUES (4, 251);
INSERT INTO public.region_relations (place_id, subplace_id) VALUES (5, 252);
INSERT INTO public.region_relations (place_id, subplace_id) VALUES (5, 253);
INSERT INTO public.region_relations (place_id, subplace_id) VALUES (5, 254);
INSERT INTO public.region_relations (place_id, subplace_id) VALUES (5, 255);
INSERT INTO public.region_relations (place_id, subplace_id) VALUES (5, 256);
INSERT INTO public.region_relations (place_id, subplace_id) VALUES (5, 257);
INSERT INTO public.region_relations (place_id, subplace_id) VALUES (5, 258);
INSERT INTO public.region_relations (place_id, subplace_id) VALUES (5, 259);
INSERT INTO public.region_relations (place_id, subplace_id) VALUES (5, 260);
INSERT INTO public.region_relations (place_id, subplace_id) VALUES (5, 261);
INSERT INTO public.region_relations (place_id, subplace_id) VALUES (5, 262);
INSERT INTO public.region_relations (place_id, subplace_id) VALUES (5, 263);
INSERT INTO public.region_relations (place_id, subplace_id) VALUES (5, 264);
INSERT INTO public.region_relations (place_id, subplace_id) VALUES (5, 265);
INSERT INTO public.region_relations (place_id, subplace_id) VALUES (5, 266);
INSERT INTO public.region_relations (place_id, subplace_id) VALUES (5, 267);
INSERT INTO public.region_relations (place_id, subplace_id) VALUES (5, 268);
INSERT INTO public.region_relations (place_id, subplace_id) VALUES (5, 269);
INSERT INTO public.region_relations (place_id, subplace_id) VALUES (5, 270);
INSERT INTO public.region_relations (place_id, subplace_id) VALUES (5, 271);
INSERT INTO public.region_relations (place_id, subplace_id) VALUES (5, 272);
INSERT INTO public.region_relations (place_id, subplace_id) VALUES (5, 273);
INSERT INTO public.region_relations (place_id, subplace_id) VALUES (5, 274);
INSERT INTO public.region_relations (place_id, subplace_id) VALUES (5, 275);
INSERT INTO public.region_relations (place_id, subplace_id) VALUES (5, 276);
INSERT INTO public.region_relations (place_id, subplace_id) VALUES (5, 277);
INSERT INTO public.region_relations (place_id, subplace_id) VALUES (5, 278);
INSERT INTO public.region_relations (place_id, subplace_id) VALUES (5, 279);
INSERT INTO public.region_relations (place_id, subplace_id) VALUES (5, 280);
INSERT INTO public.region_relations (place_id, subplace_id) VALUES (5, 281);
INSERT INTO public.region_relations (place_id, subplace_id) VALUES (5, 282);
INSERT INTO public.region_relations (place_id, subplace_id) VALUES (5, 283);
INSERT INTO public.region_relations (place_id, subplace_id) VALUES (5, 284);
INSERT INTO public.region_relations (place_id, subplace_id) VALUES (5, 285);
INSERT INTO public.region_relations (place_id, subplace_id) VALUES (5, 286);
INSERT INTO public.region_relations (place_id, subplace_id) VALUES (5, 287);
INSERT INTO public.region_relations (place_id, subplace_id) VALUES (5, 288);
INSERT INTO public.region_relations (place_id, subplace_id) VALUES (5, 289);
INSERT INTO public.region_relations (place_id, subplace_id) VALUES (5, 290);
INSERT INTO public.region_relations (place_id, subplace_id) VALUES (5, 291);
INSERT INTO public.region_relations (place_id, subplace_id) VALUES (5, 292);
INSERT INTO public.region_relations (place_id, subplace_id) VALUES (5, 293);
INSERT INTO public.region_relations (place_id, subplace_id) VALUES (5, 294);
INSERT INTO public.region_relations (place_id, subplace_id) VALUES (295, 42);
INSERT INTO public.region_relations (place_id, subplace_id) VALUES (296, 26);
INSERT INTO public.region_relations (place_id, subplace_id) VALUES (296, 55);
INSERT INTO public.region_relations (place_id, subplace_id) VALUES (296, 59);
INSERT INTO public.region_relations (place_id, subplace_id) VALUES (297, 53);
INSERT INTO public.region_relations (place_id, subplace_id) VALUES (297, 54);
INSERT INTO public.region_relations (place_id, subplace_id) VALUES (297, 66);
INSERT INTO public.region_relations (place_id, subplace_id) VALUES (298, 244);
INSERT INTO public.region_relations (place_id, subplace_id) VALUES (298, 245);
INSERT INTO public.region_relations (place_id, subplace_id) VALUES (299, 67);
INSERT INTO public.region_relations (place_id, subplace_id) VALUES (299, 68);
INSERT INTO public.region_relations (place_id, subplace_id) VALUES (299, 70);
INSERT INTO public.region_relations (place_id, subplace_id) VALUES (299, 71);
INSERT INTO public.region_relations (place_id, subplace_id) VALUES (299, 72);
INSERT INTO public.region_relations (place_id, subplace_id) VALUES (300, 298);
INSERT INTO public.region_relations (place_id, subplace_id) VALUES (301, 178);
INSERT INTO public.region_relations (place_id, subplace_id) VALUES (301, 179);
INSERT INTO public.region_relations (place_id, subplace_id) VALUES (301, 180);
INSERT INTO public.region_relations (place_id, subplace_id) VALUES (301, 301);
INSERT INTO public.region_relations (place_id, subplace_id) VALUES (302, 57);
INSERT INTO public.region_relations (place_id, subplace_id) VALUES (302, 58);
INSERT INTO public.region_relations (place_id, subplace_id) VALUES (303, 147);
INSERT INTO public.region_relations (place_id, subplace_id) VALUES (303, 148);
INSERT INTO public.region_relations (place_id, subplace_id) VALUES (303, 149);
INSERT INTO public.region_relations (place_id, subplace_id) VALUES (303, 303);
INSERT INTO public.region_relations (place_id, subplace_id) VALUES (304, 211);
INSERT INTO public.region_relations (place_id, subplace_id) VALUES (304, 212);
INSERT INTO public.region_relations (place_id, subplace_id) VALUES (304, 216);
INSERT INTO public.region_relations (place_id, subplace_id) VALUES (305, 21);
INSERT INTO public.region_relations (place_id, subplace_id) VALUES (305, 25);
INSERT INTO public.region_relations (place_id, subplace_id) VALUES (306, 47);
INSERT INTO public.region_relations (place_id, subplace_id) VALUES (306, 48);
INSERT INTO public.region_relations (place_id, subplace_id) VALUES (307, 96);
INSERT INTO public.region_relations (place_id, subplace_id) VALUES (307, 132);
INSERT INTO public.region_relations (place_id, subplace_id) VALUES (307, 141);
INSERT INTO public.region_relations (place_id, subplace_id) VALUES (307, 307);
INSERT INTO public.region_relations (place_id, subplace_id) VALUES (308, 135);
INSERT INTO public.region_relations (place_id, subplace_id) VALUES (308, 136);
INSERT INTO public.region_relations (place_id, subplace_id) VALUES (308, 308);
INSERT INTO public.region_relations (place_id, subplace_id) VALUES (309, 17);
INSERT INTO public.region_relations (place_id, subplace_id) VALUES (309, 18);
INSERT INTO public.region_relations (place_id, subplace_id) VALUES (310, 74);
INSERT INTO public.region_relations (place_id, subplace_id) VALUES (310, 75);
INSERT INTO public.region_relations (place_id, subplace_id) VALUES (310, 76);
INSERT INTO public.region_relations (place_id, subplace_id) VALUES (311, 61);
INSERT INTO public.region_relations (place_id, subplace_id) VALUES (311, 64);
INSERT INTO public.region_relations (place_id, subplace_id) VALUES (311, 311);
INSERT INTO public.region_relations (place_id, subplace_id) VALUES (312, 98);
INSERT INTO public.region_relations (place_id, subplace_id) VALUES (312, 99);
INSERT INTO public.region_relations (place_id, subplace_id) VALUES (312, 312);
INSERT INTO public.region_relations (place_id, subplace_id) VALUES (313, 246);
INSERT INTO public.region_relations (place_id, subplace_id) VALUES (313, 247);


--
-- Name: feeds_feed_id_seq; Type: SEQUENCE SET; Schema: public; Owner: -
--

SELECT pg_catalog.setval('public.feeds_feed_id_seq', 4, true);


--
-- Name: media_markets_market_id_seq; Type: SEQUENCE SET; Schema: public; Owner: -
--

SELECT pg_catalog.setval('public.media_markets_market_id_seq', 2, true);


--
-- Name: places_place_id_seq; Type: SEQUENCE SET; Schema: public; Owner: -
--

SELECT pg_catalog.setval('public.places_place_id_seq', 313, true);


--
-- Name: publishers_pub_id_seq; Type: SEQUENCE SET; Schema: public; Owner: -
--

SELECT pg_catalog.setval('public.publishers_pub_id_seq', 4, true);


--
-- PostgreSQL database dump complete
--

